InnerRadius,Length,OpeningAngle,InnerRadius2,Length2,OpeningAngle2,Generation,Fitness
3.908740,61.5669,0.052689,2.016570,139.433,0.012688,0,4.07216
1.995300,72.1412,0.027506,6.259420,134.127,0.004807,0,4.18268
2.094630,132.219,0.014867,0.134743,134.841,0.016945,0,3.7223
3.305590,100.836,0.037702,0.886785,60.7252,0.048279,0,4.45808
4.604220,114.984,0.023466,2.387690,105.409,0.019864,0,3.94431
4.246540,60.4922,0.008106,1.195940,40.1511,0.13883,0,4.59291
3.608770,38.4541,0.089189,3.100000,129.194,0.030708,0,4.14528
3.385460,97.1822,0.02784,3.415580,45.6548,0.028315,0,4.11492
4.003760,53.0885,0.010213,1.493960,125.182,0.047773,0,4.25221
0.521413,83.844,0.011461,2.852940,63.8293,0.04632,0,4.34757
0.300364,47.3626,0.036172,0.403469,52.5088,0.000188,0,4.58892
1.498950,43.1741,0.077722,4.080930,47.0036,0.061661,0,4.28588
0.610933,43.7492,0.134001,0.013964,67.4444,0.002405,0,3.90019
4.791440,68.3353,0.016186,4.703510,64.4319,0.010048,0,4.34051
4.450490,63.6816,0.004015,0.033024,38.0218,0.111939,0,4.52176
3.798210,92.8399,0.022892,0.697983,51.083,0.041436,0,4.43812
0.071681,102.324,0.034401,0.103999,43.0109,0.122979,0,4.44622
6.466140,57.0344,0.014325,5.204380,105.36,0.013038,0,4.2516
6.347590,91.9061,0.000996,2.193770,47.4918,0.072252,0,4.88096
2.914880,43.5268,0.042735,3.186680,51.3805,0.000538,0,4.50898
2.793610,66.9687,4e-05,1.833720,62.8044,0.035931,0,4.33683
1.217550,82.4488,0.055898,1.439160,44.4614,0.090945,0,4.66777
0.323274,82.0775,0.079226,1.590910,50.48,0.067096,0,4.52531
3.385700,51.5697,0.002318,3.009070,49.9423,0.034797,0,4.61402
5.453620,58.151,0.030789,3.322580,108.178,0.020168,0,4.02009
2.293380,69.75,0.012301,0.241964,60.6777,0.091048,0,4.35116
1.140380,89.5099,0.020535,0.890951,95.0117,0.045985,0,4.45332
2.445550,69.2378,0.013851,1.382940,44.2105,0.063907,0,4.42668
0.349534,66.3904,0.036666,0.029881,136.123,0.046917,0,4.34263
0.078663,65.9897,0.093313,0.690977,81.9306,0.064062,0,4.67277
3.319340,80.7523,0.022128,1.113530,72.476,0.009276,0,4.25109
5.463870,54.0277,0.013304,3.026430,40.1373,0.087847,0,4.64653
2.087110,45.7473,0.062095,0.090329,80.5822,0.04455,0,4.49412
2.357120,52.9606,0.017941,1.743670,83.9971,0.031294,0,4.21788
3.745830,52.5594,0.060537,0.345269,111.722,0.042144,0,4.1972
1.298090,132.64,0.031365,0.062924,38.3521,0.142216,0,4.09842
0.062807,114.058,0.044769,2.506240,70.1235,0.058164,0,4.03419
0.934535,61.042,0.038444,3.211020,107.738,0.00864,0,4.54139
4.816800,49.7349,0.032675,0.683921,101.195,0.032577,0,4.33698
3.405210,123.797,0.022581,0.779144,38.4678,0.135163,0,4.33811
2.142770,120.173,0.001181,4.275020,42.1363,0.043386,0,4.34122
2.107200,46.0829,0.06926,0.355412,84.0403,0.050276,0,4.38319
0.194186,53.5967,0.075886,1.708970,108.556,0.015327,0,4.15279
0.777790,137.561,0.021779,3.254960,53.0292,0.06651,0,3.91215
1.164770,54.7615,0.074276,0.938835,126.352,0.028428,0,4.25112
1.063560,75.8813,0.081246,0.287389,39.5812,0.049879,0,4.49083
4.179640,68.7383,0.031362,2.194330,72.1362,0.062421,0,4.83777
0.794467,73.1905,0.039663,5.738090,107.824,0.00855,0,4.47427
0.200145,89.8328,0.010343,2.641860,61.4009,0.008934,0,4.57943
2.976460,43.1062,0.049955,1.697970,40.4537,0.062219,0,4.39758
4.246540,60.4922,0.008106,1.195940,40.1511,0.13883,1,4.5065
4.791440,68.3353,0.016186,4.703510,64.4319,0.010048,1,4.39714
3.385700,51.5697,0.002318,3.009070,49.9423,0.034797,1,4.55343
3.798210,92.8399,0.022892,1.743670,51.083,0.031294,1,4.78948
2.357120,52.9606,0.017941,0.697983,83.9971,0.041436,1,3.93154
4.179640,53.5967,0.031362,2.194330,108.556,0.015327,1,3.99188
0.194186,68.7383,0.075886,1.708970,72.1362,0.062421,1,4.73276
0.194186,53.0885,0.075886,1.493960,108.556,0.047773,1,4.34326
4.003760,53.5967,0.010213,1.708970,125.182,0.015327,1,4.31546
1.217550,82.4488,0.055898,1.195940,44.4614,0.13883,1,4.67139
4.246540,60.4922,0.008106,1.439160,40.1511,0.090945,1,4.60589
2.087110,54.0277,0.062095,3.026430,40.1373,0.04455,1,4.60486
5.463870,45.7473,0.013304,0.090329,80.5822,0.087847,1,4.14769
0.078663,65.9897,0.093313,2.641860,61.4009,0.008934,1,4.36678
0.200145,89.8328,0.010343,0.690977,81.9306,0.064062,1,4.31323
2.293380,82.0775,0.012301,1.590910,50.48,0.091048,1,4.82523
0.323274,69.75,0.079226,0.241964,60.6777,0.067096,1,4.25159
0.300364,47.3626,0.036172,0.403469,52.5088,0.000538,1,4.21557
2.914880,43.5268,0.042735,3.186680,51.3805,0.000188,1,4.57351
0.323274,82.0775,0.079226,1.590910,50.48,0.067096,1,4.52716
3.305590,100.836,0.037702,0.886785,60.7252,0.048279,1,4.22616
6.347590,91.9061,0.000996,0.886785,60.7252,0.072252,1,4.35403
3.305590,100.836,0.037702,2.193770,47.4918,0.048279,1,4.11736
0.934535,92.8399,0.038444,0.697983,51.083,0.041436,1,4.5564
3.798210,61.042,0.022892,3.211020,107.738,0.00864,1,4.21937
0.078663,61.042,0.093313,0.690977,81.9306,0.064062,1,4.43332
0.934535,65.9897,0.038444,3.211020,107.738,0.00864,1,4.33588
1.140380,89.5099,0.062095,0.090329,95.0117,0.04455,1,4.37042
2.087110,45.7473,0.020535,0.890951,80.5822,0.045985,1,4.25325
0.200145,68.7383,0.010343,2.641860,61.4009,0.008934,1,4.1919
4.179640,89.8328,0.031362,2.194330,72.1362,0.062421,1,4.47827
0.794467,51.5697,0.002318,3.009070,107.824,0.00855,1,4.50119
3.385700,73.1905,0.039663,5.738090,49.9423,0.034797,1,4.68408
0.078663,65.9897,0.093313,0.029881,81.9306,0.064062,1,4.59417
0.349534,66.3904,0.036666,0.690977,136.123,0.046917,1,4.04551
2.357120,52.9606,0.036172,0.403469,52.5088,0.031294,1,4.588
0.300364,47.3626,0.017941,1.743670,83.9971,0.000188,1,4.64151
0.934535,91.9061,0.038444,2.193770,107.738,0.00864,1,4.09835
6.347590,61.042,0.000996,3.211020,47.4918,0.072252,1,4.74286
2.659730,65.7498,0.028533,5.824980,78.7031,0.020267,1,4.3793
2.218420,71.593,0.049432,0.455700,57.3046,0.072587,1,4.91522
1.574910,64.091,0.02988,0.535851,120.181,0.053826,1,4.26638
0.910574,92.3769,0.040865,0.705573,52.004,0.045911,1,4.30542
1.358700,113.924,0.050835,4.657590,72.9332,0.001351,1,4.20223
2.183060,47.5649,0.06761,2.418630,138.231,0.003196,1,4.4885
5.969120,77.3855,0.010164,1.016890,116.576,0.030577,1,3.97127
3.235530,98.8771,0.007984,3.869360,138.286,0.003389,1,3.81858
2.477810,99.305,0.043107,4.141980,130.974,0.007327,1,3.84696
0.971544,54.3893,0.06932,6.133810,84.0941,0.013263,1,4.68896
6.378190,47.3801,0.009292,1.465380,122.113,0.016498,1,4.22403
6.347590,61.042,0.000996,3.211020,47.4918,0.072252,2,4.67011
0.300364,47.3626,0.017941,1.743670,83.9971,0.000188,2,4.74563
0.794467,51.5697,0.002318,3.009070,107.824,0.00855,2,4.51669
2.087110,51.5697,0.002318,3.009070,107.824,0.00855,2,4.48108
0.794467,54.0277,0.062095,3.026430,40.1373,0.04455,2,4.56727
0.323274,82.0775,0.079226,1.590910,50.48,0.067096,2,4.58549
0.078663,61.042,0.093313,0.690977,81.9306,0.064062,2,4.39231
0.934535,65.9897,0.039663,5.738090,107.738,0.00864,2,4.31511
3.385700,73.1905,0.038444,3.211020,49.9423,0.034797,2,4.47829
0.910574,92.3769,0.040865,0.705573,52.004,0.045911,2,4.48425
6.378190,47.3801,0.009292,1.465380,122.113,0.016498,2,4.16368
0.910574,92.3769,0.040865,1.743670,52.004,0.045911,2,4.4366
3.798210,92.8399,0.022892,0.705573,51.083,0.031294,2,4.66225
0.078663,65.9897,0.093313,2.418630,138.231,0.003196,2,4.41755
2.183060,47.5649,0.06761,0.029881,81.9306,0.064062,2,4.42151
0.794467,51.5697,0.002318,0.403469,52.5088,0.00855,2,4.48523
2.357120,52.9606,0.036172,3.009070,107.824,0.031294,2,4.2901
0.934535,92.8399,0.002318,3.009070,51.083,0.034797,2,4.3937
3.385700,51.5697,0.038444,0.697983,49.9423,0.041436,2,4.44104
3.385700,65.7498,0.028533,5.738090,49.9423,0.034797,2,4.52244
2.659730,73.1905,0.039663,5.824980,78.7031,0.020267,2,4.42883
0.934535,92.8399,0.017941,0.697983,83.9971,0.000188,2,4.18879
0.300364,47.3626,0.038444,1.743670,51.083,0.041436,2,4.46359
3.385700,51.5697,0.039663,5.738090,49.9423,0.00855,2,4.92708
0.794467,73.1905,0.002318,3.009070,107.824,0.034797,2,3.81026
3.305590,54.0277,0.062095,0.886785,40.1373,0.04455,2,4.2319
2.087110,100.836,0.037702,3.026430,60.7252,0.048279,2,4.1486
6.347590,89.5099,0.000996,0.090329,47.4918,0.072252,2,4.6648
1.140380,61.042,0.062095,3.211020,95.0117,0.04455,2,3.96126
2.183060,47.5649,0.062095,2.418630,138.231,0.003196,2,4.4492
2.087110,54.0277,0.06761,3.026430,40.1373,0.04455,2,4.79999
1.140380,89.5099,0.062095,0.090329,50.48,0.091048,2,4.65122
2.293380,82.0775,0.012301,1.590910,95.0117,0.04455,2,4.40989
2.293380,54.0277,0.062095,1.590910,50.48,0.04455,2,4.39001
2.087110,82.0775,0.012301,3.026430,40.1373,0.091048,2,4.79033
0.300364,65.9897,0.017941,1.743670,81.9306,0.000188,2,4.11715
0.078663,47.3626,0.093313,0.029881,83.9971,0.064062,2,4.81974
0.300364,47.3626,0.093313,1.743670,83.9971,0.000188,2,4.44149
0.078663,61.042,0.017941,0.690977,81.9306,0.064062,2,4.30956
0.171920,64.3409,0.02517,0.945813,89.0523,0.014009,2,4.29652
2.520970,70.5313,0.034076,4.550530,82.021,0.026123,2,4.37684
1.452520,37.937,0.129436,0.188280,132.061,0.054224,2,4.2679
2.682700,114.704,0.031267,4.003710,42.6847,0.027273,2,3.95783
1.788540,37.8607,0.029935,3.004920,121.918,0.019764,2,3.91853
5.376730,128.01,0.003545,1.409340,61.0865,0.096731,2,4.18849
2.811870,59.1023,0.029885,3.072010,54.8768,0.057747,2,4.34495
4.225940,43.1483,0.032132,1.636390,42.6142,0.115296,2,4.72774
1.683830,72.6721,0.037193,3.690230,95.0538,0.027349,2,4.36869
2.457910,38.7455,0.044121,1.210400,80.8626,0.038193,2,4.38926
1.340340,100.829,0.004724,5.733820,48.5815,0.009057,2,4.18161
3.385700,51.5697,0.038444,0.697983,49.9423,0.041436,3,4.14649
0.934535,92.8399,0.002318,3.009070,51.083,0.034797,3,4.0781
3.385700,73.1905,0.038444,3.211020,49.9423,0.034797,3,4.58531
2.682700,61.042,0.031267,0.690977,81.9306,0.064062,3,4.24747
0.078663,114.704,0.017941,4.003710,42.6847,0.027273,3,4.06033
0.300364,47.3626,0.038444,0.945813,89.0523,0.014009,3,4.83226
0.171920,64.3409,0.02517,1.743670,51.083,0.041436,3,4.22829
1.340340,100.829,0.004724,5.733820,52.5088,0.00855,3,4.60466
0.794467,51.5697,0.002318,0.403469,48.5815,0.009057,3,4.29072
2.087110,54.0277,0.06761,3.026430,40.1373,0.04455,3,4.35419
3.385700,73.1905,0.038444,3.211020,49.9423,0.034797,3,4.79727
2.087110,82.0775,0.037702,3.026430,40.1373,0.091048,3,4.58698
2.087110,100.836,0.012301,3.026430,60.7252,0.048279,3,4.02519
6.347590,89.5099,0.000996,0.090329,83.9971,0.000188,3,3.75142
0.300364,47.3626,0.093313,1.743670,47.4918,0.072252,3,4.79057
6.347590,61.042,0.000996,3.211020,83.9971,0.000188,3,4.58972
0.300364,47.3626,0.093313,1.743670,47.4918,0.072252,3,4.69104
2.183060,47.5649,0.029885,3.072010,54.8768,0.057747,3,4.35401
2.811870,59.1023,0.06761,0.029881,81.9306,0.064062,3,4.40261
3.385700,47.5649,0.062095,5.738090,49.9423,0.034797,3,4.60939
2.183060,65.7498,0.028533,2.418630,138.231,0.003196,3,4.1615
0.794467,54.0277,0.062095,3.026430,49.9423,0.04455,3,4.68117
3.385700,65.7498,0.028533,5.738090,40.1373,0.034797,3,4.53971
2.087110,54.0277,0.093313,0.029881,83.9971,0.04455,3,4.57378
0.078663,47.3626,0.06761,3.026430,40.1373,0.064062,3,4.75151
0.323274,82.0775,0.079226,3.211020,50.48,0.067096,3,4.61722
6.347590,61.042,0.000996,1.590910,47.4918,0.072252,3,4.79846
0.300364,47.3626,0.017941,1.743670,47.4918,0.000188,3,4.67854
6.347590,89.5099,0.000996,0.090329,83.9971,0.072252,3,4.42722
4.225940,82.0775,0.032132,3.026430,42.6142,0.091048,3,4.66004
2.087110,43.1483,0.012301,1.636390,40.1373,0.115296,3,4.6619
2.087110,61.042,0.000996,3.026430,47.4918,0.072252,3,4.41027
6.347590,82.0775,0.012301,3.211020,40.1373,0.091048,3,4.71235
2.293380,54.0277,0.062095,1.590910,40.1373,0.04455,3,4.40834
0.794467,82.0775,0.012301,3.026430,95.0117,0.04455,3,4.18056
3.385700,51.5697,0.038444,0.697983,49.9423,0.041436,3,4.56312
3.385700,51.5697,0.039663,5.738090,49.9423,0.00855,3,4.73263
4.225940,43.1483,0.028533,1.636390,49.9423,0.115296,3,4.48973
3.385700,65.7498,0.032132,5.738090,42.6142,0.034797,3,4.7906
1.864410,40.2026,0.029965,1.156280,51.9924,0.066115,3,4.51121
0.524230,115.955,0.049548,4.638910,87.5334,0.001192,3,4.06139
2.621840,75.8555,0.033786,3.419560,37.8369,0.047272,3,4.7829
3.158310,94.737,0.039313,1.404860,57.571,0.009935,3,4.34498
5.648790,95.9373,0.002909,1.449580,79.3998,0.067443,3,4.4248
3.077290,38.556,0.030196,2.930190,75.514,0.037276,3,4.5487
3.495470,48.3861,0.00054,2.966400,90.1192,0.001874,3,4.37116
3.901710,85.0159,0.041161,3.300230,98.4074,0.005801,3,4.24494
2.672890,117.069,0.005031,2.862790,69.5853,0.01108,3,4.04521
4.487960,59.4627,0.047416,0.625678,47.9972,0.045047,3,4.236
1.240150,47.242,0.079866,0.316472,57.2666,0.027431,3,4.57879
6.347590,61.042,0.000996,1.590910,47.4918,0.072252,4,4.86344
3.385700,47.5649,0.062095,5.738090,49.9423,0.034797,4,4.43236
0.300364,47.3626,0.038444,0.945813,89.0523,0.014009,4,4.7066
2.087110,43.1483,0.079866,0.316472,57.2666,0.027431,4,4.36457
1.240150,47.242,0.012301,1.636390,40.1373,0.115296,4,4.69514
0.300364,47.5649,0.093313,1.743670,49.9423,0.072252,4,4.62189
3.385700,47.3626,0.062095,5.738090,47.4918,0.034797,4,4.53987
1.240150,47.3626,0.079866,0.316472,57.2666,0.027431,4,4.40228
0.300364,47.242,0.093313,1.743670,47.4918,0.072252,4,4.38699
2.621840,75.8555,0.032132,3.419560,42.6142,0.047272,4,4.46661
4.225940,82.0775,0.033786,3.026430,37.8369,0.091048,4,4.43966
3.385700,43.1483,0.012301,1.636390,40.1373,0.115296,4,4.74113
2.087110,65.7498,0.032132,5.738090,42.6142,0.034797,4,4.53052
3.385700,47.5649,0.062095,5.738090,49.9423,0.034797,4,4.57214
3.385700,73.1905,0.038444,3.211020,49.9423,0.034797,4,4.43314
3.385700,51.5697,0.033786,3.419560,49.9423,0.047272,4,4.45839
2.621840,75.8555,0.039663,5.738090,37.8369,0.00855,4,4.79519
2.087110,47.5649,0.012301,1.636390,40.1373,0.115296,4,4.43256
3.385700,43.1483,0.062095,5.738090,49.9423,0.034797,4,4.62281
2.087110,47.3626,0.093313,1.743670,47.4918,0.04455,4,4.38372
0.300364,54.0277,0.093313,0.029881,83.9971,0.072252,4,4.29324
3.385700,47.3626,0.038444,1.743670,49.9423,0.072252,4,4.79163
0.300364,73.1905,0.093313,3.211020,47.4918,0.034797,4,4.62561
3.385700,65.7498,0.028533,5.738090,49.9423,0.034797,4,4.50497
4.225940,43.1483,0.032132,1.636390,42.6142,0.115296,4,4.53659
6.347590,73.1905,0.000996,1.590910,49.9423,0.072252,4,4.76184
3.385700,61.042,0.038444,3.211020,47.4918,0.034797,4,4.52505
2.087110,61.042,0.038444,3.211020,47.4918,0.034797,4,4.90634
3.385700,73.1905,0.000996,3.026430,49.9423,0.072252,4,4.47047
2.087110,51.5697,0.012301,0.403469,40.1373,0.115296,4,4.63671
0.794467,43.1483,0.002318,1.636390,48.5815,0.009057,4,4.66287
3.385700,65.7498,0.032132,5.738090,42.6142,0.034797,4,4.55885
0.078663,47.3626,0.06761,3.026430,40.1373,0.064062,4,4.6346
6.347590,73.1905,0.000996,3.211020,49.9423,0.034797,4,4.60452
3.385700,61.042,0.038444,3.211020,83.9971,0.000188,4,4.11398
0.323274,82.0775,0.079226,5.738090,42.6142,0.034797,4,4.57407
3.385700,65.7498,0.032132,3.211020,50.48,0.067096,4,4.6002
6.347590,75.8555,0.012301,3.419560,37.8369,0.091048,4,4.83031
2.621840,82.0775,0.033786,3.211020,40.1373,0.047272,4,4.73399
0.675216,49.1365,0.009351,3.277210,37.7998,0.032785,4,4.78275
0.641352,60.7555,0.042947,1.076380,46.5416,0.111044,4,4.48956
1.197950,91.7852,0.034701,1.571700,44.1685,0.085716,4,5.06705
0.310161,42.5513,0.050818,2.691320,44.9728,0.062851,4,4.20738
4.758380,60.2302,0.017411,3.882530,88.784,0.014836,4,4.09172
3.683290,39.0188,0.006085,1.881830,43.0781,0.126012,4,4.77418
3.242180,89.924,0.001751,0.026363,45.3616,0.015034,4,4.95153
3.396470,65.3723,0.04824,0.087293,100.767,0.00066,4,4.10126
5.074710,46.8554,0.001289,0.904075,137.098,0.022494,4,4.15292
0.706483,56.1688,0.026133,0.943305,128.035,0.029889,4,4.27335
2.337620,83.6685,0.055611,3.077860,66.8712,0.003965,4,3.94663
6.347590,61.042,0.000996,1.590910,47.4918,0.072252,5,4.76378
3.385700,43.1483,0.062095,5.738090,49.9423,0.034797,5,4.47788
6.347590,75.8555,0.012301,3.419560,37.8369,0.091048,5,4.73403
0.310161,47.242,0.050818,1.743670,47.4918,0.072252,5,4.33258
0.300364,42.5513,0.093313,2.691320,44.9728,0.062851,5,4.48951
2.087110,43.1483,0.079866,0.316472,47.4918,0.027431,5,4.72882
2.087110,47.3626,0.093313,1.743670,57.2666,0.04455,5,4.23424
3.385700,65.7498,0.038444,3.211020,49.9423,0.034797,5,4.49926
3.385700,73.1905,0.032132,5.738090,42.6142,0.034797,5,4.71279
0.300364,47.5649,0.062095,5.738090,49.9423,0.034797,5,4.33162
3.385700,43.1483,0.093313,1.743670,49.9423,0.072252,5,4.51651
6.347590,61.042,0.000996,1.590910,49.9423,0.072252,5,4.74845
3.385700,47.3626,0.038444,1.743670,47.4918,0.072252,5,4.78641
1.240150,82.0775,0.033786,3.211020,40.1373,0.047272,5,4.52208
2.621840,47.242,0.012301,1.636390,40.1373,0.115296,5,4.30176
2.087110,61.042,0.038444,3.211020,49.9423,0.034797,5,4.67587
0.300364,47.5649,0.093313,1.743670,47.4918,0.072252,5,4.45432
3.242180,47.5649,0.062095,5.738090,49.9423,0.015034,5,4.72103
3.385700,89.924,0.001751,0.026363,45.3616,0.034797,5,4.7503
0.300364,47.3626,0.012301,0.403469,40.1373,0.115296,5,4.77706
2.087110,51.5697,0.038444,0.945813,89.0523,0.014009,5,4.24028
0.300364,39.0188,0.093313,1.743670,49.9423,0.072252,5,4.53537
3.683290,47.5649,0.006085,1.881830,43.0781,0.126012,5,4.57026
6.347590,47.3626,0.012301,3.419560,40.1373,0.091048,5,4.57649
0.078663,75.8555,0.06761,3.026430,37.8369,0.064062,5,4.72103
3.385700,43.1483,0.062095,5.738090,49.9423,0.034797,5,4.33352
3.385700,47.5649,0.062095,5.738090,49.9423,0.034797,5,4.57369
2.087110,61.042,0.038444,1.590910,49.9423,0.034797,5,4.37424
6.347590,73.1905,0.000996,3.211020,47.4918,0.072252,5,4.54894
6.347590,47.3626,0.012301,3.419560,49.9423,0.072252,5,4.72963
3.385700,75.8555,0.038444,1.743670,37.8369,0.091048,5,4.53708
3.385700,43.1483,0.062095,5.738090,49.9423,0.034797,5,4.49581
3.385700,73.1905,0.000996,3.026430,49.9423,0.072252,5,4.73209
3.242180,89.924,0.001751,0.403469,40.1373,0.015034,5,4.86801
2.087110,51.5697,0.012301,0.026363,45.3616,0.115296,5,4.68164
3.683290,39.0188,0.006085,1.881830,43.0781,0.126012,5,4.80132
2.621840,82.0775,0.033786,3.211020,40.1373,0.047272,5,4.84068
6.347590,43.1483,0.000996,1.636390,42.6142,0.115296,5,4.73484
4.225940,61.042,0.032132,1.590910,47.4918,0.072252,5,4.60197
0.302152,47.9068,0.08066,3.810190,76.6477,0.016606,5,4.91172
0.296584,101.586,0.056294,0.102270,55.9277,0.118776,5,4.38735
4.856310,105.793,0.009085,0.475041,92.3341,0.038427,5,4.37277
4.716070,78.3616,0.021569,1.923310,39.0898,0.132828,5,4.67684
1.300420,54.036,0.084306,1.024600,43.2274,0.024452,5,4.60043
0.232709,87.211,0.028639,1.459530,109.983,0.024901,5,3.99238
0.289256,58.2623,0.0821,3.705580,136.591,0.013473,5,4.48858
4.646740,40.2154,0.048302,2.737110,107.508,0.036979,5,4.2889
1.638830,89.5047,0.049633,4.618140,134.133,0.005338,5,4.10766
2.825670,50.7119,0.072502,5.905600,42.2393,0.022263,5,4.89173
5.930050,124.796,0.00917,2.282680,72.1607,0.067098,5,4.45597
2.087110,43.1483,0.079866,0.316472,47.4918,0.027431,6,4.87523
3.385700,73.1905,0.000996,3.026430,49.9423,0.072252,6,4.53432
6.347590,61.042,0.000996,1.590910,47.4918,0.072252,6,4.59794
3.385700,43.1483,0.062095,3.419560,49.9423,0.072252,6,4.3314
6.347590,47.3626,0.012301,5.738090,49.9423,0.034797,6,4.40073
6.347590,47.3626,0.012301,2.737110,40.1373,0.091048,6,4.52157
4.646740,40.2154,0.048302,3.419560,107.508,0.036979,6,4.1953
2.621840,82.0775,0.033786,1.923310,40.1373,0.132828,6,4.61635
4.716070,78.3616,0.021569,3.211020,39.0898,0.047272,6,4.9301
6.347590,61.042,0.006085,1.881830,49.9423,0.072252,6,4.61174
3.683290,47.5649,0.000996,1.590910,43.0781,0.126012,6,4.59131
2.087110,47.3626,0.012301,0.403469,45.3616,0.115296,6,4.81859
0.300364,51.5697,0.012301,0.026363,40.1373,0.115296,6,4.27045
0.078663,75.8555,0.06761,3.419560,37.8369,0.064062,6,4.63402
6.347590,47.3626,0.012301,3.026430,40.1373,0.091048,6,4.36902
6.347590,47.3626,0.012301,3.419560,37.8369,0.091048,6,4.50836
3.385700,75.8555,0.038444,1.743670,47.4918,0.072252,6,4.54339
3.242180,89.924,0.001751,0.026363,45.3616,0.034797,6,4.67649
3.385700,89.924,0.001751,0.403469,40.1373,0.015034,6,4.67853
2.087110,51.5697,0.012301,1.743670,47.4918,0.115296,6,4.70021
3.385700,47.3626,0.038444,0.026363,45.3616,0.072252,6,4.75128
3.385700,73.1905,0.038444,3.026430,47.4918,0.072252,6,4.56886
3.385700,47.3626,0.000996,1.743670,49.9423,0.072252,6,4.6269
1.300420,54.036,0.084306,1.024600,49.9423,0.024452,6,4.43544
6.347590,47.3626,0.012301,3.419560,43.2274,0.072252,6,4.44502
6.347590,78.3616,0.012301,1.923310,37.8369,0.132828,6,4.52999
4.716070,75.8555,0.021569,3.419560,39.0898,0.091048,6,4.76555
6.347590,47.3626,0.012301,1.590910,49.9423,0.072252,6,4.53064
4.225940,61.042,0.032132,3.419560,47.4918,0.072252,6,4.41477
3.385700,47.3626,0.001751,0.026363,45.3616,0.072252,6,4.43603
3.385700,89.924,0.038444,1.743670,47.4918,0.034797,6,4.50576
2.087110,50.7119,0.072502,0.316472,42.2393,0.022263,6,4.34484
2.825670,43.1483,0.079866,5.905600,47.4918,0.027431,6,4.64572
0.300364,43.1483,0.093313,1.743670,49.9423,0.072252,6,4.52336
3.385700,39.0188,0.062095,5.738090,49.9423,0.034797,6,4.52996
6.347590,75.8555,0.001751,0.026363,37.8369,0.091048,6,4.53435
3.385700,89.924,0.012301,3.419560,45.3616,0.034797,6,4.72773
3.385700,47.3626,0.038444,2.282680,47.4918,0.067098,6,4.63753
5.930050,124.796,0.00917,1.743670,72.1607,0.072252,6,4.32175
1.835010,52.174,0.02136,4.052380,50.0285,0.062175,6,4.23683
5.963370,90.8939,0.008246,0.237467,52.5583,0.024906,6,4.70867
4.192990,59.9501,0.030445,2.449120,70.5499,0.04342,6,4.65037
3.547300,63.7013,0.048701,1.937530,128.175,0.00897,6,4.02871
1.491800,40.8339,0.12999,0.683387,81.1428,0.02707,6,4.60709
2.484730,50.2233,0.049316,3.985830,137.049,0.009667,6,4.43348
1.362930,61.8723,0.066666,3.078210,44.7905,0.08296,6,4.44051
5.157740,53.0529,0.04279,0.461781,121.522,0.014555,6,4.37577
1.349690,94.3591,0.045739,1.910250,112.898,0.015467,6,3.91307
0.025806,122.436,0.001611,1.590020,50.8958,0.102818,6,3.90189
3.853700,128.608,0.000271,0.819648,117.034,0.0410763,6,3.72112
6.347590,47.3626,0.012301,3.419560,37.8369,0.091048,7,4.78427
4.716070,78.3616,0.021569,3.211020,39.0898,0.047272,7,4.99544
0.300364,43.1483,0.093313,1.743670,49.9423,0.072252,7,4.42901
6.347590,47.3626,0.012301,3.419560,37.8369,0.091048,7,4.49881
4.225940,61.042,0.032132,3.419560,47.4918,0.072252,7,4.45007
5.157740,53.0529,0.04279,0.461781,39.0898,0.047272,7,4.62183
4.716070,78.3616,0.021569,3.211020,121.522,0.014555,7,4.04707
0.300364,51.5697,0.012301,0.026363,40.1373,0.115296,7,4.50551
6.347590,47.3626,0.012301,3.419560,37.8369,0.091048,7,4.81928
4.646740,40.2154,0.048302,3.419560,107.508,0.036979,7,4.15942
3.385700,89.924,0.012301,3.419560,45.3616,0.034797,7,4.33182
6.347590,47.3626,0.012301,0.026363,45.3616,0.072252,7,4.55988
3.385700,78.3616,0.001751,1.923310,37.8369,0.132828,7,4.79626
3.242180,89.924,0.001751,5.905600,47.4918,0.027431,7,4.26215
2.825670,43.1483,0.079866,0.026363,45.3616,0.034797,7,4.44067
1.362930,61.8723,0.038444,3.078210,44.7905,0.072252,7,4.2164
3.385700,47.3626,0.066666,0.026363,45.3616,0.08296,7,4.80012
0.078663,73.1905,0.06761,3.026430,47.4918,0.064062,7,4.57028
3.385700,75.8555,0.038444,3.419560,37.8369,0.072252,7,4.32907
3.385700,47.3626,0.038444,3.419560,37.8369,0.067098,7,4.60504
6.347590,47.3626,0.012301,2.282680,47.4918,0.091048,7,4.77937
3.385700,89.924,0.038444,0.403469,45.3616,0.072252,7,4.367
3.385700,47.3626,0.001751,0.026363,40.1373,0.015034,7,4.57606
3.385700,89.924,0.012301,0.403469,45.3616,0.015034,7,4.78964
3.385700,89.924,0.001751,3.419560,40.1373,0.034797,7,4.61067
2.087110,43.1483,0.079866,0.316472,47.4918,0.047272,7,4.66029
4.716070,78.3616,0.021569,3.211020,39.0898,0.027431,7,4.188
3.385700,47.3626,0.001751,0.026363,47.4918,0.072252,7,4.64497
6.347590,61.042,0.000996,1.590910,45.3616,0.072252,7,4.69469
6.347590,89.924,0.012301,2.737110,40.1373,0.091048,7,4.68387
3.385700,47.3626,0.001751,0.403469,40.1373,0.015034,7,4.71959
4.716070,75.8555,0.001751,3.419560,39.0898,0.034797,7,4.82015
3.242180,89.924,0.021569,0.026363,45.3616,0.091048,7,4.75385
3.242180,89.924,0.001751,0.316472,47.4918,0.027431,7,4.63319
2.087110,43.1483,0.079866,0.026363,45.3616,0.034797,7,4.56142
3.385700,89.924,0.038444,1.743670,45.3616,0.034797,7,4.59348
3.385700,75.8555,0.012301,3.419560,47.4918,0.072252,7,4.5805
5.963370,90.8939,0.012301,0.237467,52.5583,0.024906,7,4.42703
6.347590,47.3626,0.008246,5.738090,49.9423,0.034797,7,4.51213
1.303240,87.0651,0.04556,0.062199,76.8324,0.072932,7,4.2838
6.404480,39.452,0.012821,2.983200,54.1617,0.007306,7,4.61357
3.162200,66.2143,0.060182,2.812740,54.0281,0.025759,7,4.32657
5.360090,98.9931,0.01285,6.148510,77.8613,0.014873,7,3.99949
6.528870,116.045,0.008249,5.030640,70.269,0.031815,7,4.24724
0.292209,121.674,0.01615,1.230320,44.7044,0.06173,7,4.09462
1.683680,39.3486,0.021457,4.984030,128.175,0.009421,7,4.32583
7.019510,64.2549,0.002581,1.230300,38.5258,0.041192,7,4.80073
0.363663,134.231,0.008496,3.800130,123.552,0.016373,7,3.70671
5.149340,71.2566,0.019614,0.301750,58.1454,0.048877,7,4.59508
2.057910,101.902,0.02157,3.436570,49.2222,0.019956,7,4.34366
0.300364,43.1483,0.093313,1.743670,49.9423,0.072252,8,4.72635
3.385700,47.3626,0.001751,0.403469,40.1373,0.015034,8,4.72867
6.347590,89.924,0.012301,2.737110,40.1373,0.091048,8,4.70833
3.385700,43.1483,0.001751,0.026363,47.4918,0.072252,8,4.76441
2.087110,47.3626,0.079866,0.026363,45.3616,0.034797,8,4.94197
0.078663,73.1905,0.06761,3.211020,39.0898,0.064062,8,4.74821
4.716070,78.3616,0.021569,3.026430,47.4918,0.027431,8,4.65404
3.385700,47.3626,0.001751,1.923310,37.8369,0.132828,8,4.55226
6.347590,78.3616,0.012301,3.419560,37.8369,0.091048,8,4.67226
6.347590,39.3486,0.021457,4.984030,128.175,0.009421,8,4.06185
1.683680,89.924,0.012301,2.737110,40.1373,0.091048,8,4.88148
6.347590,43.1483,0.012301,3.419560,37.8369,0.091048,8,5.0581
2.087110,47.3626,0.079866,0.316472,47.4918,0.047272,8,4.836
6.347590,47.3626,0.019614,0.301750,58.1454,0.091048,8,4.63726
5.149340,71.2566,0.012301,3.419560,37.8369,0.048877,8,4.5772
3.385700,89.924,0.012301,0.301750,45.3616,0.015034,8,4.59787
5.149340,71.2566,0.019614,0.403469,58.1454,0.048877,8,4.49189
3.385700,47.3626,0.012301,0.403469,47.4918,0.015034,8,4.68285
6.347590,89.924,0.012301,2.282680,45.3616,0.091048,8,4.68911
3.385700,89.924,0.012301,1.743670,45.3616,0.015034,8,4.69164
3.385700,89.924,0.038444,0.403469,45.3616,0.034797,8,4.49361
4.716070,78.3616,0.021569,3.211020,39.0898,0.047272,8,4.65134
4.716070,78.3616,0.021569,3.211020,39.0898,0.047272,8,4.96787
6.347590,47.3626,0.012301,0.026363,40.1373,0.091048,8,4.65998
3.385700,47.3626,0.001751,2.282680,47.4918,0.015034,8,4.66217
4.716070,75.8555,0.001751,3.419560,39.0898,0.034797,8,4.60621
4.716070,75.8555,0.001751,3.419560,39.0898,0.034797,8,4.74915
7.019510,89.924,0.002581,2.737110,40.1373,0.091048,8,4.66548
6.347590,64.2549,0.012301,1.230300,38.5258,0.041192,8,4.88545
2.087110,43.1483,0.079866,0.316472,40.1373,0.091048,8,4.70367
6.347590,89.924,0.012301,2.737110,47.4918,0.047272,8,4.91473
3.385700,89.924,0.012301,2.282680,45.3616,0.091048,8,4.91264
6.347590,47.3626,0.012301,0.403469,47.4918,0.015034,8,4.35877
5.963370,90.8939,0.012301,3.419560,52.5583,0.072252,8,4.57511
4.225940,61.042,0.032132,0.237467,47.4918,0.024906,8,4.62113
6.404480,51.5697,0.012821,2.983200,40.1373,0.007306,8,4.64169
0.300364,39.452,0.012301,0.026363,54.1617,0.115296,8,4.70725
6.347590,47.3626,0.012301,0.461781,37.8369,0.047272,8,4.54903
5.157740,53.0529,0.04279,3.419560,39.0898,0.091048,8,4.70641
0.364703,65.5997,0.103448,6.827530,42.1474,0.007215,8,4.28828
2.377290,72.7024,0.031153,3.115900,91.0646,0.004568,8,4.01932
0.856538,83.0035,0.047943,0.250447,61.6169,0.091768,8,4.58232
2.157530,127.968,0.016563,3.381910,102.519,0.034827,8,3.56113
0.461330,120.473,0.03475,0.860470,63.6644,0.038136,8,4.10792
2.843500,47.894,0.060795,5.382610,43.9406,0.014444,8,4.68263
2.045230,60.401,0.019173,1.427550,41.9676,0.110675,8,4.6007
3.308460,41.8744,0.053549,3.864800,114.459,0.008027,8,4.63921
2.403120,61.4693,0.051758,5.990030,64.6329,0.000866,8,4.58563
2.368520,108.203,0.029383,3.690920,47.8503,0.029141,8,4.49513
1.692150,37.7143,0.027462,5.497410,71.5674,0.010841,8,4.64379
2.045230,60.401,0.019173,1.427550,41.9676,0.110675,9,4.82436
3.385700,89.924,0.012301,2.282680,45.3616,0.091048,9,4.58979
6.347590,89.924,0.012301,2.737110,40.1373,0.091048,9,4.49006
2.045230,71.2566,0.012301,1.427550,37.8369,0.110675,9,4.51726
5.149340,60.401,0.019173,3.419560,41.9676,0.048877,9,4.71403
3.385700,89.924,0.012301,0.301750,45.3616,0.014444,9,4.5679
2.843500,47.894,0.060795,5.382610,43.9406,0.015034,9,4.72467
4.716070,78.3616,0.021569,3.026430,47.4918,0.047272,9,4.84133
4.716070,78.3616,0.021569,3.211020,39.0898,0.027431,9,4.7363
3.308460,41.8744,0.053549,3.026430,114.459,0.027431,9,4.56132
4.716070,78.3616,0.021569,3.864800,47.4918,0.008027,9,4.66935
6.347590,89.924,0.012301,2.737110,40.1373,0.091048,9,4.84385
3.385700,89.924,0.012301,2.282680,45.3616,0.091048,9,4.89581
2.087110,47.3626,0.079866,0.026363,45.3616,0.091048,9,4.88988
5.157740,53.0529,0.04279,3.419560,39.0898,0.034797,9,4.6074
3.385700,43.1483,0.001751,0.316472,40.1373,0.091048,9,5.02348
2.087110,47.3626,0.079866,0.403469,40.1373,0.015034,9,4.77706
3.385700,89.924,0.001751,2.282680,45.3616,0.091048,9,4.71991
3.385700,47.3626,0.012301,2.282680,47.4918,0.015034,9,4.50831
0.078663,73.1905,0.079866,3.211020,47.4918,0.064062,9,4.5583
2.087110,47.3626,0.06761,0.316472,39.0898,0.047272,9,4.79085
5.157740,53.0529,0.04279,3.419560,39.0898,0.091048,9,4.54471
6.347590,43.1483,0.012301,3.419560,37.8369,0.091048,9,4.84149
6.347590,89.924,0.012301,2.282680,45.3616,0.091048,9,4.68312
3.385700,89.924,0.012301,2.282680,45.3616,0.091048,9,4.63743
4.716070,78.3616,0.021569,3.419560,39.0898,0.034797,9,4.62809
4.716070,75.8555,0.001751,3.026430,47.4918,0.027431,9,4.5422
7.019510,47.3626,0.002581,2.737110,47.4918,0.091048,9,4.46305
3.385700,89.924,0.012301,0.403469,40.1373,0.015034,9,4.8896
3.385700,43.1483,0.001751,2.282680,47.4918,0.091048,9,4.69754
6.347590,89.924,0.012301,0.026363,45.3616,0.072252,9,4.54722
4.225940,61.042,0.032132,0.301750,58.1454,0.024906,9,4.70858
6.347590,47.3626,0.019614,0.237467,47.4918,0.091048,9,4.65386
2.087110,47.3626,0.079866,2.737110,45.3616,0.091048,9,4.62133
6.347590,89.924,0.012301,0.026363,40.1373,0.034797,9,4.6125
4.716070,78.3616,0.001751,3.419560,39.0898,0.047272,9,4.75456
4.716070,75.8555,0.021569,3.211020,39.0898,0.034797,9,4.68425
6.347590,89.924,0.012301,0.301750,47.4918,0.015034,9,4.56177
3.385700,89.924,0.012301,2.737110,45.3616,0.047272,9,4.78825
4.401800,52.1262,0.053324,1.606610,67.8903,0.023076,9,4.22737
1.845750,57.3602,0.097408,1.102420,82.9738,0.074857,9,4.51437
3.487000,50.3581,0.069034,1.520600,95.0172,0.02798,9,4.366
4.377330,69.2318,0.017235,2.381520,123.412,0.023556,9,3.76798
2.920720,51.4612,0.045656,2.490310,100.884,0.023877,9,4.59557
2.711630,96.1328,0.012397,0.454384,62.6404,0.057667,9,4.23599
5.175560,45.9408,0.007044,0.571951,109.709,0.017873,9,4.36364
4.398670,50.1553,0.02085,1.919780,48.5528,0.066854,9,4.64869
5.137660,54.2775,0.004239,5.482330,93.3759,0.001313,9,4.38798
4.263120,75.3544,0.001906,0.083181,78.7947,0.02369,9,4.25107
0.877213,117.1,0.004894,7.264110,78.0804,0.001017,9,4.25952
3.385700,89.924,0.012301,2.282680,45.3616,0.091048,10,4.79918
3.385700,89.924,0.012301,2.282680,45.3616,0.091048,10,4.83291
3.385700,89.924,0.012301,2.282680,45.3616,0.091048,10,4.71934
4.225940,60.401,0.032132,3.419560,58.1454,0.048877,10,4.33246
5.149340,61.042,0.019173,0.301750,41.9676,0.024906,10,5.03606
3.385700,89.924,0.012301,2.282680,40.1373,0.015034,10,4.61519
3.385700,47.3626,0.012301,0.403469,47.4918,0.015034,10,4.60859
3.487000,50.3581,0.069034,1.520600,95.0172,0.02798,10,4.09816
0.078663,73.1905,0.079866,3.211020,47.4918,0.064062,10,4.43386
3.385700,89.924,0.012301,2.737110,40.1373,0.015034,10,4.75793
6.347590,89.924,0.012301,0.403469,40.1373,0.091048,10,4.77519
6.347590,89.924,0.012301,2.737110,45.3616,0.047272,10,4.58436
3.385700,47.3626,0.019614,0.237467,47.4918,0.091048,10,4.6702
3.385700,89.924,0.012301,0.403469,40.1373,0.091048,10,4.93984
6.347590,89.924,0.012301,2.737110,40.1373,0.015034,10,4.51892
4.716070,78.3616,0.001751,0.403469,40.1373,0.047272,10,4.84851
2.087110,47.3626,0.079866,3.419560,39.0898,0.015034,10,4.50898
3.308460,47.894,0.053549,3.026430,114.459,0.015034,10,4.3373
2.843500,41.8744,0.060795,5.382610,43.9406,0.027431,10,4.49665
3.385700,43.1483,0.019173,0.316472,41.9676,0.048877,10,4.7452
5.149340,60.401,0.001751,3.419560,40.1373,0.091048,10,4.3621
5.157740,78.3616,0.001751,3.419560,39.0898,0.047272,10,4.88956
4.716070,53.0529,0.04279,3.419560,39.0898,0.091048,10,4.35971
4.716070,78.3616,0.001751,0.316472,39.0898,0.047272,10,4.87516
2.087110,47.3626,0.06761,3.419560,39.0898,0.047272,10,4.94945
4.716070,43.1483,0.021569,3.026430,40.1373,0.091048,10,4.71911
3.385700,78.3616,0.001751,0.316472,47.4918,0.047272,10,4.88375
3.385700,78.3616,0.021569,2.282680,45.3616,0.047272,10,4.70318
4.716070,89.924,0.012301,3.026430,47.4918,0.091048,10,4.62653
3.385700,47.3626,0.079866,2.282680,45.3616,0.091048,10,4.4984
2.087110,43.1483,0.001751,0.026363,47.4918,0.091048,10,4.48786
3.385700,43.1483,0.012301,2.282680,45.3616,0.091048,10,4.46379
3.385700,89.924,0.001751,2.282680,47.4918,0.091048,10,4.72539
2.087110,47.3626,0.001751,0.316472,39.0898,0.047272,10,4.4392
3.385700,43.1483,0.06761,2.282680,47.4918,0.091048,10,4.47271
5.157740,53.0529,0.012301,3.419560,45.3616,0.047272,10,4.85679
3.385700,89.924,0.04279,2.737110,39.0898,0.091048,10,4.44031
6.347590,89.924,0.012301,2.737110,40.1373,0.047272,10,4.70222
3.385700,89.924,0.012301,2.737110,45.3616,0.091048,10,4.84792
1.466990,81.8942,0.068652,2.567760,56.359,0.06547,10,4.42193
1.345650,90.144,0.013593,1.596700,46.6573,0.105978,10,4.77421
1.092870,41.7611,0.137556,1.018550,89.2661,0.024713,10,4.57111
0.136406,106.856,0.05948,0.333958,76.1066,0.070876,10,3.91568
0.444332,111.063,0.031673,1.378110,62.7308,0.023241,10,4.18957
4.852110,63.786,0.027234,2.872630,75.3855,0.022146,10,4.40562
6.119370,48.8191,0.001698,3.813300,73.4155,0.018663,10,4.6506
1.302770,80.4543,0.049366,0.823971,84.9724,0.015482,10,4.28291
2.803780,45.8756,0.07131,0.062750,100.959,0.068349,10,4.39501
1.749440,76.5019,0.034646,6.070780,58.5831,0.001314,10,4.59873
1.600060,101.903,0.024853,5.564270,52.7346,0.006497,10,4.62784
5.149340,61.042,0.019173,0.301750,41.9676,0.024906,11,4.70416
4.716070,78.3616,0.001751,0.403469,40.1373,0.047272,11,5.00229
6.347590,89.924,0.012301,2.737110,40.1373,0.047272,11,4.69591
3.385700,89.924,0.012301,2.282680,45.3616,0.091048,11,4.47536
1.600060,101.903,0.024853,5.564270,52.7346,0.006497,11,4.45459
6.119370,50.3581,0.001698,3.813300,73.4155,0.02798,11,4.55196
3.487000,48.8191,0.069034,1.520600,95.0172,0.018663,11,4.25243
3.385700,47.894,0.053549,3.026430,40.1373,0.015034,11,4.46239
3.308460,89.924,0.012301,2.737110,114.459,0.015034,11,4.04925
3.385700,47.3626,0.079866,2.282680,45.3616,0.091048,11,4.68395
6.119370,48.8191,0.001698,3.813300,73.4155,0.018663,11,4.4457
1.600060,89.924,0.024853,5.564270,47.4918,0.006497,11,4.60543
3.385700,101.903,0.001751,2.282680,52.7346,0.091048,11,4.41444
6.119370,78.3616,0.001698,0.316472,47.4918,0.047272,11,5.10948
3.385700,48.8191,0.001751,3.813300,73.4155,0.018663,11,4.11912
1.600060,101.903,0.024853,5.564270,52.7346,0.006497,11,4.69407
6.347590,89.924,0.012301,2.737110,40.1373,0.047272,11,4.52646
3.385700,78.3616,0.012301,2.737110,45.3616,0.015034,11,4.38152
3.385700,89.924,0.021569,2.282680,40.1373,0.047272,11,4.4487
2.087110,78.3616,0.06761,3.419560,39.0898,0.047272,11,4.63583
5.157740,47.3626,0.001751,3.419560,39.0898,0.047272,11,4.66815
1.345650,90.144,0.013593,1.596700,46.6573,0.091048,11,4.80736
3.385700,89.924,0.001751,2.282680,47.4918,0.105978,11,4.67914
3.385700,78.3616,0.012301,2.737110,39.0898,0.091048,11,4.68722
5.157740,89.924,0.001751,3.419560,45.3616,0.047272,11,4.72164
3.385700,47.3626,0.012301,0.403469,40.1373,0.091048,11,4.74322
3.385700,89.924,0.019614,0.237467,47.4918,0.091048,11,4.75462
2.087110,47.3626,0.079866,2.737110,45.3616,0.091048,11,4.75382
3.385700,89.924,0.012301,3.419560,39.0898,0.015034,11,4.54736
3.385700,89.924,0.012301,2.737110,45.3616,0.091048,11,4.94079
6.119370,48.8191,0.001698,3.813300,73.4155,0.018663,11,4.62143
5.149340,61.042,0.012301,0.301750,45.3616,0.091048,11,4.59031
3.385700,89.924,0.019173,2.282680,41.9676,0.024906,11,4.69639
3.385700,89.924,0.012301,2.282680,45.3616,0.091048,11,4.60817
3.385700,89.924,0.012301,2.737110,40.1373,0.015034,11,4.63268
1.345650,43.1483,0.001751,0.026363,47.4918,0.091048,11,4.48151
2.087110,90.144,0.013593,1.596700,46.6573,0.105978,11,4.69982
6.119370,48.8191,0.001698,3.419560,39.0898,0.018663,11,4.58826
2.087110,47.3626,0.06761,3.813300,73.4155,0.047272,11,4.47339
4.399660,72.0127,0.014083,3.883670,42.3128,0.030802,11,4.62397
1.278730,93.3899,0.061517,0.853314,60.0374,0.093047,11,4.30281
4.351350,46.3143,0.0568,1.728480,80.1744,0.068377,11,4.45657
3.110470,73.8373,0.049825,0.393415,100.671,0.049551,11,4.01374
1.139130,110.678,0.011494,0.011686,56.6386,0.035061,11,4.4859
1.410400,99.2125,0.008311,3.397860,75.5374,0.004866,11,4.329
1.146490,59.9148,0.071908,3.672170,46.7642,0.011234,11,4.7286
4.979460,103.14,0.021092,3.242270,109.544,0.005637,11,3.89083
3.448580,41.7156,0.045181,1.143400,66.8467,0.001213,11,4.40096
3.977400,46.1911,0.016581,2.731850,129.188,0.025832,11,4.04009
2.106750,47.3321,0.035018,1.506750,91.0706,0.001225,11,4.53216
3.385700,89.924,0.012301,2.737110,45.3616,0.091048,12,4.90932
4.716070,78.3616,0.001751,0.403469,40.1373,0.047272,12,4.70413
3.385700,89.924,0.012301,2.737110,45.3616,0.091048,12,4.81037
1.600060,90.144,0.024853,5.564270,46.6573,0.006497,12,4.67577
1.345650,89.924,0.013593,1.596700,47.4918,0.091048,12,4.65911
5.149340,89.924,0.019173,2.282680,45.3616,0.024906,12,4.48486
3.385700,61.042,0.012301,0.301750,41.9676,0.091048,12,4.81191
2.087110,89.924,0.013593,1.596700,46.6573,0.105978,12,4.50769
3.385700,90.144,0.012301,3.419560,39.0898,0.015034,12,4.48749
2.087110,61.042,0.079866,2.737110,41.9676,0.024906,12,4.40117
5.149340,47.3626,0.019173,0.301750,45.3616,0.091048,12,4.86714
6.119370,89.924,0.001698,3.813300,73.4155,0.02798,12,4.75725
3.385700,50.3581,0.001751,2.282680,47.4918,0.105978,12,4.44786
3.385700,89.924,0.019173,0.237467,41.9676,0.091048,12,4.27531
5.149340,61.042,0.019614,0.301750,47.4918,0.024906,12,4.85646
3.385700,89.924,0.012301,2.282680,47.4918,0.105978,12,4.68044
3.385700,89.924,0.001751,2.737110,45.3616,0.091048,12,4.7305
1.139130,110.678,0.011494,1.596700,56.6386,0.035061,12,4.40871
1.345650,90.144,0.013593,0.011686,46.6573,0.091048,12,4.6503
2.087110,59.9148,0.079866,3.672170,46.7642,0.011234,12,4.70371
1.146490,47.3626,0.071908,2.737110,45.3616,0.091048,12,4.48521
6.119370,78.3616,0.001751,0.403469,40.1373,0.047272,12,4.78003
4.716070,48.8191,0.001698,3.813300,73.4155,0.018663,12,4.47437
3.385700,89.924,0.012301,2.737110,40.1373,0.047272,12,4.29344
6.347590,78.3616,0.012301,2.737110,39.0898,0.091048,12,4.70135
3.385700,89.924,0.019614,0.237467,47.4918,0.091048,12,4.67227
3.385700,89.924,0.001751,2.282680,47.4918,0.105978,12,4.52117
3.385700,89.924,0.001751,3.419560,39.0898,0.047272,12,4.53628
5.157740,47.3626,0.019614,0.237467,47.4918,0.091048,12,4.57299
1.345650,61.042,0.013593,0.301750,41.9676,0.091048,12,4.48174
5.149340,90.144,0.019173,1.596700,46.6573,0.024906,12,4.71444
3.385700,78.3616,0.001751,2.737110,40.1373,0.047272,12,4.5997
4.716070,89.924,0.012301,0.403469,40.1373,0.015034,12,4.77005
3.385700,89.924,0.012301,2.282680,40.1373,0.091048,12,5.02395
6.347590,89.924,0.012301,2.737110,45.3616,0.047272,12,4.52457
3.385700,89.924,0.012301,3.672170,45.3616,0.011234,12,4.73072
1.146490,59.9148,0.071908,2.737110,46.7642,0.091048,12,4.52194
6.119370,78.3616,0.001698,0.316472,47.4918,0.047272,12,4.75673
2.087110,47.3626,0.079866,2.737110,45.3616,0.091048,12,4.44899
2.478620,80.2701,0.008952,0.322536,117.723,0.038655,12,4.32609
1.124790,97.9025,0.047372,0.689506,51.5219,0.037147,12,4.46792
2.340640,60.9676,0.000309,2.383130,81.0628,0.003786,12,4.03824
0.846550,43.883,0.125001,1.643310,92.7362,0.025024,12,4.67465
0.066346,106.891,0.030342,2.303880,122.858,0.028153,12,3.39804
6.045320,52.7652,0.008762,4.630480,97.9196,0.010439,12,3.87821
1.155510,80.2455,0.001715,6.739280,65.4196,0.000348,12,4.29854
2.181890,85.6129,0.022671,3.395510,49.0815,0.003824,12,4.5848
3.258470,38.7898,0.097744,0.917928,39.0498,0.023353,12,4.53302
0.664193,79.7584,0.026957,0.869286,38.7059,0.146118,12,4.60145
4.542320,41.33,0.002858,3.223390,78.7149,0.00845,12,4.62438
3.385700,89.924,0.012301,2.282680,47.4918,0.105978,13,4.92265
3.385700,78.3616,0.001751,2.737110,40.1373,0.047272,13,4.73148
4.716070,78.3616,0.001751,0.403469,40.1373,0.047272,13,4.84226
1.345650,61.042,0.079866,1.596700,47.4918,0.024906,13,4.25538
2.087110,89.924,0.013593,2.737110,41.9676,0.091048,13,4.79022
1.146490,89.924,0.012301,2.737110,45.3616,0.091048,13,4.66913
3.385700,47.3626,0.071908,2.282680,47.4918,0.105978,13,4.62781
3.385700,89.924,0.012301,2.737110,40.1373,0.105978,13,4.77588
3.385700,50.3581,0.001751,2.282680,47.4918,0.047272,13,4.85274
3.385700,61.042,0.019614,0.237467,47.4918,0.091048,13,4.65939
5.149340,89.924,0.019614,0.301750,47.4918,0.024906,13,4.68275
2.087110,89.924,0.019614,0.237467,47.4918,0.091048,13,4.88354
3.385700,47.3626,0.079866,2.737110,45.3616,0.091048,13,4.20558
5.149340,47.3626,0.019173,0.301750,45.3616,0.091048,13,4.90028
5.149340,47.3626,0.019173,0.301750,45.3616,0.091048,13,4.74829
3.385700,89.924,0.001698,3.813300,73.4155,0.02798,13,4.00972
6.119370,89.924,0.001751,2.737110,45.3616,0.091048,13,4.75647
3.385700,89.924,0.012301,2.282680,47.4918,0.105978,13,4.58227
3.385700,78.3616,0.001751,2.737110,40.1373,0.047272,13,4.57209
6.119370,78.3616,0.001698,0.403469,73.4155,0.02798,13,4.26536
4.716070,89.924,0.001751,3.813300,40.1373,0.047272,13,4.93789
4.716070,78.3616,0.012301,0.403469,40.1373,0.015034,13,4.71926
6.119370,89.924,0.001751,0.403469,40.1373,0.047272,13,4.55793
2.181890,78.3616,0.022671,3.395510,49.0815,0.047272,13,4.4995
3.385700,85.6129,0.001751,2.737110,40.1373,0.003824,13,4.82834
3.385700,89.924,0.019173,2.282680,47.4918,0.105978,13,4.72221
5.149340,90.144,0.012301,1.596700,46.6573,0.024906,13,4.42806
3.385700,89.924,0.012301,1.643310,92.7362,0.025024,13,4.21775
0.846550,43.883,0.125001,2.737110,45.3616,0.091048,13,4.36739
6.119370,47.3626,0.019173,0.301750,45.3616,0.091048,13,4.58547
5.149340,89.924,0.001698,3.813300,73.4155,0.02798,13,4.42862
3.385700,89.924,0.012301,0.301750,45.3616,0.091048,13,4.68709
3.385700,61.042,0.012301,2.737110,41.9676,0.091048,13,4.59362
5.149340,89.924,0.019614,0.301750,40.1373,0.091048,13,4.80763
3.385700,61.042,0.012301,2.282680,47.4918,0.024906,13,4.50887
5.149340,47.3626,0.019173,1.596700,46.6573,0.024906,13,4.90282
5.149340,90.144,0.019173,0.301750,45.3616,0.091048,13,4.92707
5.149340,47.3626,0.019614,0.301750,45.3616,0.091048,13,4.61057
5.149340,61.042,0.019173,0.301750,47.4918,0.024906,13,4.52472
0.466580,96.5106,0.00148,0.615916,60.7544,0.007067,13,4.49547
4.781310,99.3588,0.005374,0.092530,73.6658,0.025156,13,4.58032
2.866930,99.5608,0.03167,3.882200,114.648,0.001417,13,4.05245
2.570190,101.494,0.012397,6.531700,48.0692,0.006306,13,4.45083
5.062250,54.4552,0.031449,5.937720,41.5012,0.015474,13,4.61041
0.070738,90.6759,0.057241,6.737990,77.7451,0.002947,13,4.2846
0.161227,68.2525,0.101127,3.982200,123.693,0.024155,13,4.55418
0.172257,39.2182,0.145363,0.877917,73.6289,0.015633,13,4.52187
0.737363,76.5827,0.08319,4.804890,81.9165,0.001692,13,4.45181
1.450750,41.8322,0.071153,2.687020,82.0447,0.006531,13,4.69085
1.685080,53.5175,0.077787,3.052220,122.814,0.008445,13,4.53852
3.385700,85.6129,0.001751,2.737110,40.1373,0.003824,14,4.6356
1.450750,41.8322,0.071153,2.687020,82.0447,0.006531,14,4.68663
5.149340,47.3626,0.019173,1.596700,46.6573,0.024906,14,4.77368
3.385700,85.6129,0.001751,2.737110,49.0815,0.003824,14,4.67954
2.181890,78.3616,0.022671,3.395510,40.1373,0.047272,14,4.3954
2.181890,47.3626,0.022671,0.301750,45.3616,0.091048,14,4.79499
5.149340,78.3616,0.019173,3.395510,49.0815,0.047272,14,4.78073
3.385700,89.924,0.019173,2.282680,47.4918,0.105978,14,4.70096
3.385700,89.924,0.012301,2.737110,40.1373,0.105978,14,4.61525
3.385700,41.8322,0.071153,2.687020,82.0447,0.006531,14,4.29012
1.450750,89.924,0.012301,2.282680,47.4918,0.105978,14,4.54958
2.087110,89.924,0.019614,0.403469,40.1373,0.015034,14,4.69607
4.716070,78.3616,0.012301,0.237467,47.4918,0.091048,14,4.86382
3.385700,89.924,0.001751,2.282680,47.4918,0.105978,14,4.70656
3.385700,50.3581,0.019173,2.282680,47.4918,0.047272,14,4.72643
3.385700,89.924,0.012301,2.282680,47.4918,0.105978,14,4.77108
3.385700,61.042,0.019614,0.237467,47.4918,0.091048,14,4.79195
5.149340,78.3616,0.019614,0.301750,40.1373,0.047272,14,4.93652
3.385700,89.924,0.001751,2.737110,40.1373,0.091048,14,4.74392
5.149340,90.144,0.019173,0.301750,45.3616,0.091048,14,4.39113
5.149340,90.144,0.019173,0.301750,45.3616,0.091048,14,4.70059
3.385700,85.6129,0.013593,2.737110,41.9676,0.091048,14,4.81432
2.087110,89.924,0.001751,2.737110,40.1373,0.003824,14,4.46093
3.385700,89.924,0.012301,2.737110,41.9676,0.091048,14,4.83897
2.087110,89.924,0.013593,0.301750,45.3616,0.091048,14,4.83613
5.149340,68.2525,0.019173,0.301750,47.4918,0.024155,14,4.77515
0.161227,61.042,0.101127,3.982200,123.693,0.024906,14,4.38331
3.385700,89.924,0.012301,2.282680,47.4918,0.105978,14,4.85967
2.087110,89.924,0.019614,0.237467,47.4918,0.091048,14,4.85388
3.385700,89.924,0.012301,2.737110,82.0447,0.006531,14,4.35424
1.450750,41.8322,0.071153,2.687020,40.1373,0.105978,14,4.35944
5.149340,89.924,0.019614,0.301750,47.4918,0.091048,14,4.35737
2.087110,47.3626,0.019173,0.237467,45.3616,0.091048,14,4.78738
5.149340,89.924,0.019173,0.301750,45.3616,0.091048,14,4.53107
5.149340,47.3626,0.019614,0.301750,47.4918,0.024906,14,4.8375
2.087110,89.924,0.019614,2.737110,47.4918,0.091048,14,4.6098
3.385700,78.3616,0.001751,0.237467,40.1373,0.047272,14,4.72468
4.716070,47.3626,0.019173,3.813300,45.3616,0.047272,14,4.51892
5.149340,89.924,0.001751,0.301750,40.1373,0.091048,14,4.59457
2.718080,40.851,0.090978,1.612290,40.0513,0.066241,14,4.46566
1.019410,80.9662,0.037673,0.229013,58.3336,0.018518,14,4.51702
0.849775,67.0666,0.010165,0.380445,93.9817,0.067784,14,4.37485
5.017250,71.1587,0.008835,4.303190,54.9863,0.047509,14,4.70615
3.794440,46.545,0.022946,5.905390,96.474,0.002018,14,4.5531
6.613980,87.2712,0.002815,1.620890,68.6721,0.061919,14,4.41395
2.718940,136.342,0.033724,3.695590,95.5471,0.006122,14,3.90103
1.236540,38.9339,0.022454,3.431850,94.1631,0.018188,14,4.46855
1.121120,73.6907,0.041945,3.862650,133.628,0.022809,14,4.08484
2.528040,54.5036,0.017194,1.723370,136.378,0.00368,14,4.12003
4.677690,77.5622,0.00659,1.468770,78.9712,0.013194,14,4.55093
2.087110,89.924,0.013593,0.301750,45.3616,0.091048,15,5.15169
3.385700,78.3616,0.001751,0.237467,40.1373,0.047272,15,4.86191
5.149340,68.2525,0.019173,0.301750,47.4918,0.024155,15,4.7129
3.794440,67.0666,0.010165,5.905390,93.9817,0.002018,15,4.49958
0.849775,46.545,0.022946,0.380445,96.474,0.067784,15,4.63613
5.149340,90.144,0.019173,1.612290,40.0513,0.066241,15,4.47725
2.718080,40.851,0.090978,0.301750,45.3616,0.091048,15,4.6718
5.149340,78.3616,0.001751,0.237467,45.3616,0.047272,15,4.61014
3.385700,90.144,0.019173,0.301750,40.1373,0.091048,15,4.46187
4.716070,78.3616,0.012301,2.737110,41.9676,0.091048,15,4.51473
3.385700,85.6129,0.013593,0.237467,47.4918,0.091048,15,4.89735
3.385700,50.3581,0.019173,2.737110,47.4918,0.091048,15,4.56836
3.385700,85.6129,0.013593,2.282680,41.9676,0.047272,15,4.75961
5.149340,78.3616,0.019173,0.301750,47.4918,0.047272,15,4.76877
5.149340,68.2525,0.019614,0.301750,40.1373,0.024155,15,4.78831
2.087110,89.924,0.012301,2.282680,47.4918,0.105978,15,4.73835
3.385700,89.924,0.019614,0.237467,47.4918,0.091048,15,4.62802
5.149340,89.924,0.019173,0.237467,46.6573,0.024906,15,4.95037
2.087110,47.3626,0.019614,1.596700,47.4918,0.091048,15,4.48325
3.385700,47.3626,0.019614,0.237467,47.4918,0.091048,15,4.77175
5.149340,61.042,0.019614,0.301750,47.4918,0.024906,15,4.63592
3.385700,89.924,0.012301,2.282680,47.4918,0.091048,15,4.83734
3.385700,89.924,0.019173,2.737110,41.9676,0.105978,15,4.7535
2.087110,89.924,0.019614,0.403469,40.1373,0.091048,15,4.86339
2.087110,89.924,0.019614,0.237467,47.4918,0.015034,15,4.64691
3.385700,89.924,0.001751,2.737110,40.1373,0.091048,15,4.75089
3.385700,89.924,0.001751,2.737110,40.1373,0.091048,15,4.76918
3.385700,89.924,0.019614,0.237467,47.4918,0.091048,15,4.91845
2.087110,89.924,0.012301,2.282680,47.4918,0.105978,15,4.67737
5.149340,47.3626,0.022671,0.301750,45.3616,0.091048,15,4.66911
2.181890,90.144,0.019173,0.301750,45.3616,0.091048,15,4.7717
3.385700,89.924,0.012301,0.301750,45.3616,0.105978,15,4.8938
2.087110,89.924,0.013593,2.282680,47.4918,0.091048,15,4.33012
5.149340,47.3626,0.022671,1.596700,46.6573,0.024906,15,4.53177
2.181890,47.3626,0.019173,0.301750,45.3616,0.091048,15,4.81885
5.149340,89.924,0.019173,0.301750,47.4918,0.024155,15,4.77431
3.385700,68.2525,0.019173,2.282680,47.4918,0.105978,15,4.6015
3.385700,47.3626,0.013593,2.737110,45.3616,0.091048,15,4.72143
2.181890,85.6129,0.022671,0.301750,41.9676,0.091048,15,4.86975
3.687950,83.2589,0.023271,3.015000,78.9955,0.010834,15,4.19882
6.579610,86.1858,0.008429,0.546504,107.074,0.013861,15,4.16836
0.278973,53.8782,0.107827,3.715760,117.57,0.011819,15,4.48791
1.170960,41.0868,0.026743,0.131219,42.9794,0.089713,15,4.65973
4.057250,39.5687,0.041982,1.335250,58.0004,0.091902,15,4.49356
2.293790,60.7251,0.047376,5.531670,47.466,0.026559,15,4.61002
5.618410,87.8876,0.018835,3.349560,52.6796,0.003229,15,4.48838
0.762729,60.5959,0.010875,2.717040,110.592,0.00556,15,4.49034
3.171370,122.309,0.032956,1.598900,40.5327,0.052591,15,4.06212
1.744580,88.0231,0.059673,0.118619,121.217,0.037387,15,4.29407
2.133980,48.8272,0.06421,2.107730,65.4456,0.050586,15,4.26138
0.762729,60.5959,0.010875,2.717040,110.592,0.00556,16,4.25109
3.385700,89.924,0.001751,2.737110,40.1373,0.091048,16,4.75109
5.149340,89.924,0.019173,0.237467,46.6573,0.024906,16,4.39074
3.385700,89.924,0.012301,2.282680,47.4918,0.091048,16,4.5428
2.087110,89.924,0.012301,2.282680,47.4918,0.105978,16,4.84529
2.181890,90.144,0.019173,0.301750,65.4456,0.050586,16,4.54889
2.133980,48.8272,0.06421,2.107730,45.3616,0.091048,16,4.38318
2.087110,89.924,0.019614,0.301750,45.3616,0.091048,16,4.96215
5.149340,47.3626,0.022671,0.403469,40.1373,0.091048,16,4.57693
2.718080,40.851,0.090978,0.301750,47.4918,0.091048,16,4.85518
3.385700,89.924,0.012301,2.282680,45.3616,0.091048,16,4.67885
2.293790,60.7251,0.047376,0.237467,46.6573,0.026559,16,4.68141
5.149340,89.924,0.019173,5.531670,47.466,0.024906,16,4.6279
2.087110,85.6129,0.013593,2.282680,47.4918,0.091048,16,4.32583
3.385700,89.924,0.012301,0.237467,47.4918,0.105978,16,4.67469
2.087110,89.924,0.001751,2.737110,40.1373,0.091048,16,4.78278
3.385700,89.924,0.019614,0.403469,40.1373,0.091048,16,4.75174
2.087110,89.924,0.019614,0.301750,40.1373,0.091048,16,4.89417
5.149340,61.042,0.019614,0.403469,47.4918,0.024906,16,4.69174
5.149340,78.3616,0.019173,0.301750,47.4918,0.047272,16,4.66717
2.181890,47.3626,0.019173,0.301750,45.3616,0.091048,16,4.99302
5.149340,89.924,0.019173,0.237467,47.4918,0.047272,16,4.49777
5.149340,78.3616,0.019173,0.301750,46.6573,0.024906,16,4.69413
2.181890,68.2525,0.019614,0.301750,45.3616,0.091048,16,4.78697
5.149340,90.144,0.019173,0.301750,40.1373,0.024155,16,4.56215
3.385700,89.924,0.013593,2.737110,47.4918,0.091048,16,4.87851
3.385700,47.3626,0.019614,0.237467,45.3616,0.091048,16,4.64554
3.385700,89.924,0.019173,2.737110,41.9676,0.105978,16,4.60613
3.385700,47.3626,0.019614,0.237467,47.4918,0.091048,16,4.79242
5.149340,68.2525,0.019173,0.237467,46.6573,0.024906,16,4.69907
5.149340,89.924,0.019614,0.301750,40.1373,0.024155,16,4.35236
3.385700,78.3616,0.012301,0.237467,40.1373,0.047272,16,4.87838
3.385700,89.924,0.001751,0.301750,45.3616,0.105978,16,4.86436
2.087110,89.924,0.012301,0.301750,47.4918,0.105978,16,4.96426
3.385700,89.924,0.012301,2.282680,45.3616,0.105978,16,4.67861
3.385700,85.6129,0.013593,0.237467,47.4918,0.091048,16,4.85274
3.385700,85.6129,0.013593,0.237467,47.4918,0.091048,16,4.76611
3.385700,89.924,0.012301,0.237467,47.4918,0.105978,16,4.59221
2.087110,85.6129,0.013593,2.282680,47.4918,0.091048,16,4.53949
0.136732,79.1434,0.06045,0.651095,43.7009,0.150424,16,4.69449
0.861780,57.0675,0.096995,2.414990,122.217,0.034219,16,4.22697
2.372800,67.2391,0.067975,2.188020,59.6213,0.047938,16,4.3083
5.506470,101.39,0.010745,0.328899,41.619,0.078777,16,4.5704
2.725260,50.9253,0.069467,2.021570,57.805,0.085546,16,4.32632
0.962102,38.1451,0.154454,3.237300,95.6276,0.044142,16,4.71827
2.115800,76.1485,0.04511,4.058370,92.0895,0.015558,16,4.12264
3.938680,70.0796,0.020872,4.519100,37.7641,0.059089,16,4.77773
4.574830,128.383,0.01599,2.919320,37.8851,0.030073,16,4.06317
2.568170,46.4437,0.099174,6.670080,57.644,0.005195,16,4.36125
0.648406,40.9533,0.048708,1.445920,59.8761,0.004146,16,4.19413
0.962102,38.1451,0.154454,3.237300,95.6276,0.044142,17,4.23741
3.385700,78.3616,0.012301,0.237467,40.1373,0.047272,17,4.91756
5.149340,78.3616,0.019173,0.301750,46.6573,0.024906,17,4.68821
5.149340,78.3616,0.019173,0.301750,40.1373,0.024155,17,4.64279
5.149340,89.924,0.019614,0.301750,46.6573,0.024906,17,4.64704
5.149340,78.3616,0.013593,0.237467,46.6573,0.024906,17,4.73876
3.385700,85.6129,0.019173,0.301750,47.4918,0.091048,17,4.44991
2.087110,89.924,0.001751,0.301750,40.1373,0.091048,17,5.0552
2.087110,89.924,0.019614,2.737110,45.3616,0.091048,17,4.72734
2.087110,40.851,0.090978,2.282680,47.4918,0.091048,17,4.52345
2.718080,89.924,0.012301,0.301750,47.4918,0.105978,17,4.62776
3.385700,85.6129,0.013593,0.301750,47.4918,0.105978,17,4.72371
2.087110,89.924,0.012301,0.237467,47.4918,0.091048,17,5.08651
3.385700,89.924,0.019614,0.301750,47.4918,0.091048,17,4.47837
3.385700,47.3626,0.001751,0.237467,45.3616,0.105978,17,4.56193
2.087110,89.924,0.019614,0.237467,45.3616,0.091048,17,4.93155
3.385700,85.6129,0.013593,0.301750,47.4918,0.091048,17,4.71983
2.087110,89.924,0.001751,0.301750,40.1373,0.091048,17,4.63731
3.385700,89.924,0.019614,2.737110,45.3616,0.091048,17,4.62009
3.385700,89.924,0.013593,2.737110,47.4918,0.091048,17,4.617
3.385700,89.924,0.001751,0.301750,45.3616,0.105978,17,4.9573
5.149340,47.3626,0.019614,0.301750,40.1373,0.091048,17,4.72005
2.181890,68.2525,0.022671,0.403469,45.3616,0.091048,17,4.54955
0.962102,38.1451,0.154454,3.237300,95.6276,0.024906,17,4.93678
5.149340,78.3616,0.019173,0.301750,46.6573,0.044142,17,4.73544
2.181890,89.924,0.019614,0.301750,45.3616,0.091048,17,4.87853
2.087110,68.2525,0.019614,0.301750,45.3616,0.091048,17,4.79533
0.962102,38.1451,0.154454,3.237300,46.6573,0.044142,17,4.6323
5.149340,68.2525,0.019173,0.237467,95.6276,0.024906,17,4.3686
3.385700,70.0796,0.020872,4.519100,47.4918,0.059089,17,4.56032
3.938680,89.924,0.013593,2.737110,37.7641,0.091048,17,4.72056
2.087110,89.924,0.019614,0.301750,47.4918,0.091048,17,4.92944
2.087110,89.924,0.012301,0.301750,45.3616,0.105978,17,4.98656
2.718080,40.851,0.090978,0.301750,47.4918,0.091048,17,4.56
2.181890,47.3626,0.019173,0.301750,45.3616,0.091048,17,4.7199
2.087110,89.924,0.012301,0.301750,47.4918,0.091048,17,4.81198
3.385700,89.924,0.019614,0.237467,45.3616,0.105978,17,4.69116
3.385700,89.924,0.012301,0.237467,47.4918,0.105978,17,4.51833
3.385700,85.6129,0.013593,0.237467,47.4918,0.091048,17,4.76706
0.670965,97.8404,0.011841,0.780053,42.3686,0.060917,17,4.78834
3.092300,102.933,0.023143,5.385730,43.4712,0.019688,17,4.43293
2.848690,111.526,0.033033,1.091560,48.1511,0.091182,17,4.3251
0.921642,72.1973,0.068145,3.381180,37.9584,0.033355,17,4.78261
6.605280,37.5067,0.018688,3.873120,77.8801,0.0303,17,4.67137
0.978524,120.315,0.037166,3.266840,116.216,0.024272,17,3.878
1.222770,53.1331,0.07165,5.798980,49.9239,0.030891,17,4.60365
2.944920,74.6175,0.036787,4.156390,57.8706,0.036873,17,4.65093
4.383400,130.169,0.013195,3.464200,42.4464,0.01425,17,4.15055
0.307913,38.7752,0.017472,2.673100,62.829,0.040917,17,4.35908
0.066897,131.054,0.009809,0.719402,51.115,0.090474,17,4.11116
2.087110,89.924,0.012301,0.237467,47.4918,0.091048,18,5.07957
6.605280,37.5067,0.018688,3.873120,77.8801,0.0303,18,4.46768
2.087110,89.924,0.019614,0.301750,47.4918,0.091048,18,5.12034
2.181890,89.924,0.019614,0.301750,45.3616,0.091048,18,5.04741
0.962102,38.1451,0.154454,3.237300,95.6276,0.044142,18,4.36077
2.087110,89.924,0.011841,0.301750,40.1373,0.060917,18,4.98906
0.670965,97.8404,0.001751,0.780053,42.3686,0.091048,18,4.69128
4.383400,89.924,0.001751,0.301750,40.1373,0.01425,18,4.65726
2.087110,130.169,0.013195,3.464200,42.4464,0.091048,18,4.13297
3.385700,78.3616,0.012301,0.237467,40.1373,0.091048,18,4.9024
2.087110,89.924,0.001751,0.301750,40.1373,0.047272,18,4.94046
5.149340,78.3616,0.013593,0.237467,46.6573,0.0303,18,4.77222
6.605280,37.5067,0.018688,3.873120,77.8801,0.024906,18,4.58522
5.149340,89.924,0.001751,0.301750,46.6573,0.044142,18,4.68816
3.385700,78.3616,0.019173,0.301750,45.3616,0.105978,18,4.97196
5.149340,47.3626,0.019614,2.282680,47.4918,0.091048,18,4.64311
2.087110,40.851,0.090978,0.301750,40.1373,0.091048,18,4.86005
2.087110,89.924,0.012301,0.301750,47.4918,0.091048,18,4.84115
2.087110,89.924,0.019614,0.301750,47.4918,0.091048,18,4.91453
3.385700,89.924,0.019614,2.737110,45.3616,0.091048,18,4.57842
3.385700,89.924,0.019614,0.301750,47.4918,0.091048,18,4.4608
2.087110,89.924,0.019614,0.237467,45.3616,0.091048,18,4.95876
2.087110,89.924,0.019614,2.737110,45.3616,0.091048,18,4.52938
3.385700,89.924,0.019614,0.301750,45.3616,0.105978,18,5.0178
2.181890,89.924,0.001751,0.301750,45.3616,0.091048,18,5.1416
2.087110,97.8404,0.011841,0.301750,47.4918,0.060917,18,4.88004
0.670965,89.924,0.012301,0.780053,42.3686,0.091048,18,4.66713
2.087110,89.924,0.019614,0.301750,45.3616,0.091048,18,4.81705
2.087110,68.2525,0.019614,0.301750,47.4918,0.091048,18,4.67847
2.087110,89.924,0.019614,0.301750,45.3616,0.105978,18,4.77882
3.385700,89.924,0.001751,0.301750,47.4918,0.091048,18,4.93921
0.962102,38.1451,0.154454,0.237467,95.6276,0.024906,18,4.43766
2.087110,89.924,0.019614,3.237300,45.3616,0.091048,18,4.57631
0.962102,38.1451,0.154454,2.737110,45.3616,0.044142,18,4.62704
2.087110,89.924,0.019614,3.237300,46.6573,0.091048,18,4.63541
2.087110,72.1973,0.001751,0.301750,40.1373,0.091048,18,4.63251
0.921642,89.924,0.068145,3.381180,37.9584,0.033355,18,4.52399
2.181890,89.924,0.012301,0.237467,47.4918,0.091048,18,4.78225
2.087110,47.3626,0.019173,0.301750,45.3616,0.091048,18,4.69649
1.666470,84.5154,0.031028,1.778740,40.8503,0.070103,18,4.90994
2.767880,101.731,0.006056,0.831328,135.006,0.025615,18,3.8055
2.839670,90.5587,0.016173,0.781288,121.028,0.03988,18,4.00719
1.273830,96.6636,0.01943,3.723460,39.7895,0.081743,18,4.3911
0.704130,130.676,0.01988,0.957915,101.347,0.015301,18,3.7584
3.858940,100.976,0.035331,0.249110,62.0689,0.115921,18,4.27565
5.312970,38.0567,0.056461,1.305180,122.711,0.030631,18,4.63118
2.599770,129.804,0.028601,1.863900,126.291,0.034333,18,3.67491
0.077050,105.551,0.0686,2.701660,61.0595,0.012105,18,4.51983
1.284220,124.724,0.034421,1.086780,77.7225,0.063262,18,3.96976
0.454393,64.6908,0.099236,0.025176,80.3268,0.068848,18,4.48452
2.087110,89.924,0.012301,0.237467,47.4918,0.091048,19,4.93039
2.181890,89.924,0.001751,0.301750,45.3616,0.091048,19,4.90323
3.385700,89.924,0.001751,0.301750,47.4918,0.091048,19,4.58417
2.087110,78.3616,0.019173,0.301750,40.1373,0.091048,19,4.43687
3.385700,40.851,0.090978,0.301750,45.3616,0.105978,19,4.47963
2.087110,130.676,0.001751,0.957915,101.347,0.015301,19,3.97172
0.704130,72.1973,0.01988,0.301750,40.1373,0.091048,19,4.59436
3.385700,78.3616,0.012301,0.237467,40.1373,0.091048,19,4.73736
3.385700,78.3616,0.012301,0.237467,40.1373,0.091048,19,4.83408
2.087110,89.924,0.016173,0.781288,45.3616,0.091048,19,4.76053
2.839670,90.5587,0.019614,0.237467,121.028,0.03988,19,4.09753
3.385700,89.924,0.019614,0.237467,45.3616,0.091048,19,4.43715
2.087110,89.924,0.019614,0.301750,45.3616,0.105978,19,4.72514
2.087110,89.924,0.001751,0.301750,40.1373,0.091048,19,4.68738
2.087110,89.924,0.019614,0.301750,47.4918,0.047272,19,4.7092
5.312970,38.0567,0.056461,1.305180,40.1373,0.030631,19,4.86303
2.087110,89.924,0.001751,0.301750,122.711,0.047272,19,4.12924
0.921642,89.924,0.068145,0.301750,40.1373,0.047272,19,4.55268
2.087110,89.924,0.001751,3.381180,37.9584,0.033355,19,4.51591
2.087110,90.5587,0.016173,0.237467,45.3616,0.091048,19,4.90607
2.839670,89.924,0.019614,0.781288,121.028,0.03988,19,4.02963
2.087110,89.924,0.012301,0.237467,47.4918,0.091048,19,4.93701
2.087110,89.924,0.019614,0.301750,45.3616,0.091048,19,4.98754
2.087110,89.924,0.019614,0.237467,47.4918,0.091048,19,5.15103
2.087110,89.924,0.019614,0.301750,45.3616,0.091048,19,4.79924
2.087110,89.924,0.019614,0.301750,45.3616,0.091048,19,4.78572
2.087110,47.3626,0.019173,0.301750,47.4918,0.091048,19,4.73635
3.385700,78.3616,0.019173,0.301750,45.3616,0.105978,19,4.89842
3.385700,78.3616,0.019173,0.301750,45.3616,0.105978,19,4.72398
2.087110,89.924,0.019614,0.237467,47.4918,0.091048,19,5.01994
2.087110,89.924,0.019614,0.301750,45.3616,0.091048,19,4.75481
3.385700,89.924,0.001751,0.301750,47.4918,0.091048,19,4.8395
3.385700,78.3616,0.012301,0.237467,40.1373,0.091048,19,4.8679
2.087110,89.924,0.001751,0.237467,47.4918,0.01425,19,4.69747
4.383400,89.924,0.012301,0.301750,40.1373,0.091048,19,4.68603
3.385700,97.8404,0.011841,0.301750,47.4918,0.105978,19,4.617
2.087110,89.924,0.019614,0.301750,45.3616,0.060917,19,4.98574
2.181890,89.924,0.012301,0.780053,47.4918,0.091048,19,4.95746
0.670965,89.924,0.012301,0.237467,42.3686,0.091048,19,4.76863
2.931680,109.153,0.005499,0.468589,45.327,0.077187,19,4.58911
0.321631,114.679,0.010721,1.107840,98.0368,0.051521,19,3.95309
5.215760,55.9609,0.009803,0.479269,38.5812,0.055907,19,4.54702
1.702270,106.758,0.047332,0.315243,82.3679,0.004529,19,4.45436
2.831640,89.7357,0.025478,3.606560,44.1176,0.017381,19,4.58946
3.874790,52.0767,0.029957,1.527890,130.402,0.035833,19,4.14166
1.485020,121.809,0.034527,0.685909,45.3982,0.014753,19,4.0733
4.836890,53.0957,0.045564,6.941370,51.9479,0.005914,19,4.5792
0.350586,102.977,0.062535,5.731980,137.664,0.006636,19,3.98708
1.793020,41.4525,0.017262,6.138910,128.919,0.00456,19,4.47533
1.089710,136.287,0.046402,0.923511,91.444,0.047886,19,3.94044
2.087110,89.924,0.016173,0.781288,45.3616,0.091048,20,4.93263
2.181890,89.924,0.012301,0.780053,47.4918,0.091048,20,4.75824
3.385700,78.3616,0.012301,0.237467,40.1373,0.091048,20,4.92358
2.087110,89.924,0.019614,0.301750,45.3616,0.060917,20,4.75363
2.839670,89.924,0.019614,0.781288,121.028,0.03988,20,3.79583
3.385700,78.3616,0.012301,0.237467,47.4918,0.091048,20,4.96047
3.385700,97.8404,0.011841,0.301750,40.1373,0.105978,20,4.50481
2.087110,38.0567,0.056461,1.305180,40.1373,0.091048,20,4.8226
5.312970,89.924,0.012301,0.237467,47.4918,0.030631,20,4.36886
2.087110,89.924,0.016173,0.237467,45.3616,0.091048,20,4.88399
2.087110,89.924,0.019614,0.781288,47.4918,0.091048,20,4.92209
2.087110,109.153,0.019173,0.468589,45.327,0.091048,20,4.72707
2.931680,47.3626,0.005499,0.301750,47.4918,0.077187,20,4.6787
0.670965,89.924,0.012301,0.237467,47.4918,0.091048,20,4.78622
2.181890,89.924,0.012301,0.780053,42.3686,0.091048,20,4.94198
4.836890,72.1973,0.01988,6.941370,51.9479,0.005914,20,4.41167
0.704130,53.0957,0.045564,0.301750,40.1373,0.091048,20,4.77486
2.087110,78.3616,0.019173,0.301750,45.3616,0.105978,20,4.79191
3.385700,89.924,0.019614,0.301750,45.3616,0.060917,20,4.56658
2.087110,89.924,0.025478,0.301750,44.1176,0.091048,20,4.86106
2.831640,89.7357,0.019614,3.606560,45.3616,0.017381,20,4.30437
2.087110,89.924,0.012301,0.237467,47.4918,0.091048,20,4.91942
2.181890,89.924,0.019614,0.780053,47.4918,0.091048,20,4.75468
0.921642,89.924,0.068145,0.301750,45.3616,0.105978,20,4.64254
3.385700,78.3616,0.019173,0.301750,40.1373,0.047272,20,4.86939
2.087110,90.5587,0.016173,0.237467,45.3616,0.091048,20,4.83035
3.385700,78.3616,0.012301,0.237467,40.1373,0.091048,20,4.92971
1.485020,121.809,0.034527,0.685909,40.1373,0.014753,20,4.17065
3.385700,78.3616,0.012301,0.237467,45.3982,0.091048,20,5.03341
2.087110,89.924,0.019614,0.301750,45.3616,0.091048,20,4.98873
2.087110,89.924,0.019614,0.301750,45.3616,0.091048,20,5.01389
2.087110,89.924,0.019614,0.301750,45.3616,0.105978,20,5.03281
2.087110,89.924,0.001751,3.381180,37.9584,0.033355,20,4.53642
2.087110,89.924,0.019614,0.301750,45.3616,0.091048,20,4.97739
2.087110,89.924,0.019614,0.301750,45.3616,0.091048,20,4.77817
2.087110,90.5587,0.019614,0.301750,45.3616,0.060917,20,4.55033
2.087110,89.924,0.016173,0.237467,45.3616,0.091048,20,5.04037
2.087110,89.924,0.012301,0.780053,45.3616,0.105978,20,4.80981
2.181890,89.924,0.019614,0.301750,47.4918,0.091048,20,4.80454
0.475947,95.5106,0.00788,3.803480,74.0803,0.02004,20,4.45548
3.480870,77.9221,0.007064,1.153710,77.6557,0.071448,20,4.45898
0.524787,38.873,0.026682,3.824310,39.4517,0.003737,20,4.71492
2.466580,83.1681,0.045988,0.187049,54.3032,0.045351,20,4.68159
5.513580,94.4558,0.016044,1.294410,107.776,0.037738,20,4.07329
3.452680,60.0294,0.033235,0.059035,67.4941,0.031961,20,4.37426
1.299070,51.3459,0.062364,1.366100,73.3115,0.00844,20,3.97446
6.381590,111.153,0.002827,3.790690,108.056,0.02121,20,3.82321
6.030530,38.4768,0.033176,6.099060,97.7854,0.008662,20,4.4591
1.423600,58.4148,0.082241,4.695490,65.5551,0.041199,20,4.11455
3.475960,78.8068,0.02034,0.984642,90.5952,0.01188,20,4.45728
2.087110,89.924,0.019614,0.781288,47.4918,0.091048,21,4.81265
2.087110,89.924,0.025478,0.301750,44.1176,0.091048,21,4.97524
2.087110,89.924,0.025478,0.301750,44.1176,0.091048,21,4.88607
2.087110,38.873,0.026682,3.824310,39.4517,0.091048,21,4.56101
0.524787,89.924,0.019614,0.301750,45.3616,0.003737,21,4.75748
2.087110,78.3616,0.019614,0.781288,47.4918,0.091048,21,4.8095
2.087110,89.924,0.019173,0.301750,45.3616,0.105978,21,5.10442
2.087110,89.924,0.019614,0.301750,45.3616,0.105978,21,4.96483
2.087110,89.924,0.001751,3.381180,37.9584,0.033355,21,4.60879
2.087110,78.3616,0.019173,0.301750,45.3616,0.105978,21,4.91337
2.087110,89.924,0.019614,0.301750,45.3616,0.091048,21,4.82609
2.087110,89.924,0.012301,0.301750,45.3616,0.091048,21,4.82191
2.087110,89.924,0.019614,0.237467,47.4918,0.091048,21,4.86076
2.087110,89.924,0.012301,0.780053,42.3686,0.091048,21,4.75217
2.181890,89.924,0.012301,0.780053,45.3616,0.105978,21,4.77545
3.385700,78.3616,0.012301,0.237467,47.4918,0.091048,21,5.03247
3.385700,78.3616,0.012301,0.237467,45.3982,0.091048,21,5.06101
2.087110,89.924,0.016173,0.237467,45.3616,0.091048,21,4.89152
2.087110,89.924,0.016173,0.781288,45.3616,0.091048,21,4.86171
3.385700,78.3616,0.012301,0.237467,40.1373,0.091048,21,5.17692
2.087110,78.3616,0.019173,0.301750,45.3616,0.105978,21,4.62694
2.087110,89.924,0.019614,0.301750,45.3616,0.091048,21,4.80236
2.087110,89.924,0.019614,0.301750,45.3616,0.091048,21,4.95529
2.087110,89.924,0.019614,0.301750,45.3616,0.105978,21,4.85186
0.921642,89.924,0.068145,0.301750,45.3616,0.060917,21,4.73123
2.087110,78.3616,0.019614,0.301750,45.3616,0.105978,21,4.7856
3.385700,89.924,0.012301,0.237467,45.3982,0.091048,21,4.55969
2.087110,78.3616,0.019614,0.237467,45.3616,0.091048,21,4.70113
3.385700,89.924,0.012301,0.301750,40.1373,0.091048,21,4.71517
0.524787,38.873,0.026682,3.824310,47.4918,0.003737,21,4.48228
3.385700,78.3616,0.012301,0.237467,39.4517,0.091048,21,4.79819
2.087110,89.924,0.025478,0.237467,44.1176,0.091048,21,4.84219
2.087110,89.924,0.016173,0.301750,45.3616,0.091048,21,5.08942
2.087110,89.924,0.016173,0.237467,45.3616,0.091048,21,4.83505
2.087110,90.5587,0.016173,0.237467,45.3616,0.091048,21,4.70881
2.087110,78.3616,0.019614,0.237467,45.3616,0.091048,21,4.75171
3.385700,89.924,0.012301,0.301750,40.1373,0.091048,21,4.95907
0.670965,83.1681,0.045988,0.187049,47.4918,0.045351,21,4.37204
2.466580,89.924,0.012301,0.237467,54.3032,0.091048,21,4.82828
5.205490,53.6922,0.008911,1.520650,106.763,0.023301,21,4.25881
0.531564,57.876,0.012628,2.812500,100.5,0.026995,21,4.43284
0.925663,73.1908,0.049807,0.645203,125.364,0.018449,21,4.32491
1.428000,42.3084,0.087257,0.230304,47.2908,0.080848,21,4.7543
2.119990,114.752,0.004293,6.032570,96.6817,0.013143,21,4.05901
2.595640,104.336,0.029889,4.945120,107.348,0.004268,21,3.96997
0.595077,91.7129,0.065735,0.101916,77.1244,0.048735,21,4.20602
0.043481,82.4303,0.049667,0.031009,87.6011,0.021315,21,4.14894
0.635434,136.518,0.017481,4.831620,72.1047,0.030305,21,3.88003
1.810150,81.3192,0.013166,0.357921,45.298,0.125461,21,4.82418
3.422110,111.263,0.008947,1.446820,61.8219,0.01723,21,4.50848
2.087110,89.924,0.019614,0.301750,45.3616,0.091048,22,5.22679
2.087110,89.924,0.019614,0.301750,45.3616,0.105978,22,4.92823
0.921642,89.924,0.068145,0.301750,45.3616,0.060917,22,4.81163
2.087110,89.924,0.016173,0.237467,45.3616,0.091048,22,4.91
2.087110,90.5587,0.016173,0.237467,45.3616,0.091048,22,5.03287
2.087110,83.1681,0.045988,0.187049,47.4918,0.045351,22,4.39564
0.670965,78.3616,0.019614,0.237467,45.3616,0.091048,22,4.59539
3.385700,89.924,0.019614,0.237467,45.3616,0.091048,22,4.73789
2.087110,89.924,0.012301,0.301750,45.3982,0.091048,22,4.97428
0.524787,78.3616,0.012301,0.301750,39.4517,0.091048,22,4.73418
3.385700,89.924,0.019614,0.237467,45.3616,0.003737,22,4.75235
2.087110,78.3616,0.019614,0.301750,45.3616,0.091048,22,4.93254
3.385700,89.924,0.012301,0.237467,39.4517,0.105978,22,5.00449
2.087110,78.3616,0.019173,0.301750,45.3616,0.105978,22,5.05557
2.087110,89.924,0.016173,0.237467,45.3616,0.091048,22,4.83971
2.087110,89.924,0.019614,0.301750,45.3616,0.091048,22,4.82917
2.087110,89.924,0.019614,0.301750,45.3616,0.105978,22,4.64702
2.087110,89.924,0.019614,0.237467,45.3616,0.091048,22,4.86464
2.087110,89.924,0.016173,0.301750,45.3616,0.091048,22,4.93062
3.385700,89.924,0.019614,0.301750,45.3616,0.105978,22,4.74959
2.087110,78.3616,0.012301,0.237467,47.4918,0.091048,22,4.8844
3.385700,78.3616,0.012301,0.237467,39.4517,0.091048,22,4.93456
3.385700,78.3616,0.012301,0.237467,45.3982,0.091048,22,5.06355
2.087110,89.924,0.025478,0.301750,47.2908,0.091048,22,4.66994
1.428000,42.3084,0.087257,0.230304,44.1176,0.080848,22,4.4082
2.087110,89.924,0.012301,0.237467,39.4517,0.091048,22,4.65577
3.385700,78.3616,0.016173,0.237467,45.3616,0.091048,22,4.54554
2.087110,89.924,0.019173,0.781288,45.3616,0.105978,22,4.62635
2.087110,89.924,0.016173,0.301750,45.3616,0.091048,22,4.90823
2.087110,89.924,0.025478,0.301750,44.1176,0.091048,22,4.94136
2.087110,89.924,0.025478,0.301750,44.1176,0.091048,22,4.90054
3.385700,89.924,0.012301,0.301750,47.4918,0.091048,22,4.85192
2.087110,78.3616,0.025478,0.237467,44.1176,0.091048,22,4.88782
2.087110,89.924,0.019614,0.301750,45.3616,0.003737,22,4.66779
0.524787,89.924,0.019614,0.301750,45.3616,0.091048,22,4.85855
2.087110,78.3616,0.019614,0.301750,45.3616,0.091048,22,4.75942
3.385700,89.924,0.012301,0.237467,40.1373,0.105978,22,4.47992
3.385700,89.924,0.012301,0.301750,40.1373,0.091048,22,4.87956
0.531564,57.876,0.012628,2.812500,100.5,0.026995,22,4.41093
5.075620,49.3139,0.024765,5.215790,62.5534,0.00537,22,4.55493
2.800580,130.804,0.035802,2.904470,111.806,0.012214,22,3.75948
3.531770,84.8024,0.040331,4.704800,51.5097,0.034272,22,4.63272
1.037770,96.0124,0.064025,1.447890,100.871,0.007767,22,4.25056
3.592700,139.501,0.022734,6.048040,64.3955,0.015319,22,4.10476
1.541230,118.577,0.034508,3.066820,92.4256,0.036531,22,3.80233
0.022283,133.36,0.040318,4.405290,135.798,0.006361,22,3.77246
2.635730,89.3644,0.04681,2.495010,52.9806,0.071233,22,4.52851
0.919435,77.7276,0.028854,3.149620,47.5877,0.018311,22,4.56866
4.152950,87.7714,0.008054,2.834210,64.841,0.022751,22,4.20395
3.289260,38.8246,0.039134,4.098120,100.219,0.015875,22,4.61744
2.087110,89.924,0.019614,0.301750,45.3616,0.105978,23,4.89724
0.524787,89.924,0.019614,0.301750,45.3616,0.091048,23,4.73911
2.087110,78.3616,0.019173,0.301750,45.3616,0.105978,23,4.95192
2.087110,89.924,0.019614,0.237467,45.3616,0.003737,23,4.91558
2.087110,89.924,0.016173,0.301750,45.3616,0.091048,23,4.72134
2.087110,89.924,0.019173,0.301750,45.3616,0.091048,23,4.87512
2.087110,89.924,0.019614,0.781288,45.3616,0.105978,23,4.83618
2.087110,89.924,0.016173,0.301750,45.3616,0.091048,23,5.24585
2.087110,89.924,0.019614,0.237467,45.3616,0.003737,23,4.67309
3.385700,89.924,0.016173,0.301750,45.3616,0.091048,23,4.79129
2.087110,90.5587,0.019614,0.237467,45.3616,0.105978,23,4.92754
3.385700,89.924,0.012301,0.301750,45.3616,0.060917,23,4.95191
0.921642,89.924,0.068145,0.237467,39.4517,0.105978,23,4.35665
2.087110,89.924,0.016173,0.237467,45.3616,0.091048,23,4.89636
2.087110,78.3616,0.019614,0.301750,45.3616,0.091048,23,4.81225
2.087110,89.924,0.025478,0.237467,44.1176,0.105978,23,4.6568
3.385700,78.3616,0.012301,0.237467,39.4517,0.091048,23,4.84278
2.087110,89.924,0.019614,0.237467,45.3616,0.105978,23,4.80078
3.385700,89.924,0.012301,0.237467,39.4517,0.091048,23,4.64019
3.385700,89.924,0.025478,0.301750,45.3982,0.091048,23,4.72964
2.087110,78.3616,0.012301,0.237467,44.1176,0.091048,23,4.71462
3.385700,89.924,0.012301,0.301750,45.3616,0.091048,23,4.57411
2.087110,89.924,0.019614,0.301750,47.4918,0.091048,23,4.86336
2.087110,78.3616,0.012301,0.237467,45.3982,0.091048,23,4.88946
3.385700,89.924,0.012301,0.301750,45.3982,0.091048,23,4.89394
2.087110,89.924,0.025478,0.301750,44.1176,0.091048,23,4.80649
2.087110,89.924,0.016173,0.301750,45.3616,0.091048,23,4.84926
3.385700,89.924,0.016173,0.237467,39.4517,0.091048,23,4.59744
2.087110,89.924,0.012301,0.237467,45.3616,0.105978,23,5.1726
2.087110,89.924,0.019173,0.301750,45.3616,0.105978,23,4.93467
0.921642,78.3616,0.068145,0.301750,45.3616,0.060917,23,4.80628
2.087110,89.924,0.016173,0.237467,45.3616,0.091048,23,4.88289
2.087110,90.5587,0.016173,0.237467,45.3616,0.091048,23,4.88614
2.087110,89.924,0.019614,0.301750,45.3616,0.105978,23,4.80498
2.087110,89.924,0.019614,0.237467,45.3616,0.091048,23,4.71895
2.087110,89.924,0.025478,0.237467,39.4517,0.091048,23,4.56845
3.385700,89.924,0.012301,0.301750,44.1176,0.105978,23,5.12324
2.087110,89.924,0.019614,0.301750,45.3616,0.091048,23,5.10286
2.087110,89.924,0.025478,0.237467,44.1176,0.091048,23,4.75129
2.134880,50.3752,0.029377,5.168020,57.3576,0.012672,23,4.44795
0.130959,85.7899,0.024137,3.819590,82.2346,0.034214,23,4.36551
3.449480,44.2222,0.047391,0.359978,107.965,0.055036,23,4.47519
1.614550,46.7546,0.095913,3.947090,55.6254,0.006074,23,4.71672
0.130729,135.348,0.03048,0.228556,55.8027,0.022559,23,4.22713
0.536809,135.257,0.043021,0.200450,57.5857,0.093604,23,4.14708
5.547480,93.0898,0.018861,0.761039,82.3819,0.062295,23,4.37152
0.299000,41.3979,0.026617,4.280410,50.0877,0.003766,23,4.61988
0.525255,43.7735,0.1337,0.024635,58.4926,0.034635,23,4.38983
4.708060,83.1243,0.010664,6.182450,84.454,0.015005,23,4.44964
3.599120,76.8185,0.015231,1.982530,110.629,0.008947,23,4.16266
2.087110,89.924,0.016173,0.301750,45.3616,0.091048,24,4.90574
3.385700,89.924,0.016173,0.301750,45.3616,0.091048,24,4.70002
2.087110,89.924,0.016173,0.301750,45.3616,0.091048,24,4.84408
3.385700,89.924,0.012301,0.301750,45.3982,0.091048,24,4.69817
2.087110,89.924,0.025478,0.237467,44.1176,0.091048,24,4.73216
2.087110,89.924,0.019614,0.301750,45.3616,0.105978,24,4.94145
2.087110,89.924,0.019614,0.301750,45.3616,0.105978,24,4.84839
2.087110,78.3616,0.019614,0.237467,45.3616,0.105978,24,4.88445
2.087110,90.5587,0.012301,0.237467,45.3982,0.091048,24,5.01714
2.087110,78.3616,0.012301,0.301750,45.3616,0.091048,24,4.67803
2.087110,89.924,0.019614,0.237467,44.1176,0.105978,24,4.59226
0.299000,89.924,0.016173,0.301750,50.0877,0.091048,24,4.67198
2.087110,41.3979,0.026617,4.280410,45.3616,0.003766,24,4.53792
2.087110,89.924,0.019614,0.237467,45.3616,0.091048,24,4.82775
2.087110,89.924,0.012301,0.237467,45.3616,0.105978,24,5.07441
2.087110,89.924,0.019614,0.237467,45.3616,0.105978,24,4.7858
2.087110,78.3616,0.012301,0.301750,45.3982,0.091048,24,4.86956
2.087110,89.924,0.019614,0.237467,45.3616,0.105978,24,4.86758
2.087110,89.924,0.012301,0.301750,45.3616,0.105978,24,4.74019
2.087110,89.924,0.016173,0.301750,45.3616,0.091048,24,4.91952
2.087110,89.924,0.025478,0.237467,44.1176,0.105978,24,4.66796
3.385700,78.3616,0.019173,0.237467,45.3616,0.091048,24,5.01368
2.087110,78.3616,0.012301,0.301750,39.4517,0.105978,24,5.05467
2.087110,89.924,0.019173,0.301750,45.3616,0.060917,24,4.84768
0.921642,78.3616,0.068145,0.301750,45.3616,0.105978,24,4.93631
2.087110,90.5587,0.019614,0.301750,45.3616,0.091048,24,4.96416
2.087110,89.924,0.016173,0.237467,45.3616,0.091048,24,4.92071
3.385700,89.924,0.012301,0.237467,39.4517,0.091048,24,4.79718
3.385700,89.924,0.016173,0.237467,39.4517,0.091048,24,4.6035
2.087110,78.3616,0.019614,0.301750,45.3616,0.091048,24,4.7229
2.087110,89.924,0.012301,0.237467,45.3982,0.091048,24,4.99395
2.087110,89.924,0.016173,0.301750,45.3616,0.091048,24,4.73071
3.385700,89.924,0.016173,0.301750,45.3616,0.091048,24,4.74037
3.385700,78.3616,0.012301,0.301750,45.3616,0.091048,24,4.98818
2.087110,89.924,0.019614,0.237467,39.4517,0.105978,24,4.91904
3.385700,78.3616,0.012301,0.301750,45.3616,0.105978,24,4.94796
2.087110,89.924,0.019173,0.301750,44.1176,0.105978,24,4.84061
2.087110,89.924,0.019173,0.301750,39.4517,0.091048,24,4.69191
3.385700,89.924,0.016173,0.237467,45.3616,0.091048,24,4.91345
5.126250,97.9377,0.003262,1.828830,67.9512,0.021625,24,4.68583
2.121750,108.581,0.028484,5.171970,41.9525,0.014968,24,4.57364
5.050620,48.0154,0.044393,1.873850,55.8291,0.086148,24,4.52132
4.029820,94.1759,0.035966,3.525770,39.7709,0.070282,24,4.64755
1.185990,111.605,0.004248,0.611367,40.7424,0.128903,24,4.59944
3.004990,137.109,0.006163,0.188381,52.8163,0.083624,24,4.40013
1.247760,52.1219,0.111775,2.774200,118.43,0.014531,24,4.61821
5.042930,126.59,0.018372,3.410520,113.966,0.022805,24,3.85278
1.645870,67.3489,0.068842,1.399570,71.7708,0.079745,24,4.15655
4.399660,72.2814,0.026946,3.131040,84.1867,0.049887,24,4.34789
2.691140,104.818,0.037728,0.381879,115.845,0.040996,24,3.97479
0.921642,78.3616,0.068145,0.301750,45.3616,0.105978,25,4.89354
2.087110,89.924,0.019614,0.301750,45.3616,0.105978,25,5.03725
0.921642,78.3616,0.068145,0.301750,45.3616,0.105978,25,4.85357
5.050620,48.0154,0.044393,1.873850,45.3616,0.086148,25,4.47115
2.087110,89.924,0.019614,0.301750,55.8291,0.105978,25,4.66873
1.185990,78.3616,0.019173,0.237467,45.3616,0.128903,25,4.65392
3.385700,111.605,0.004248,0.611367,40.7424,0.091048,25,4.42712
3.385700,89.924,0.012301,0.237467,45.3982,0.091048,25,4.77936
2.087110,89.924,0.016173,0.237467,45.3616,0.091048,25,5.00143
2.087110,89.924,0.012301,0.301750,45.3616,0.105978,25,5.03067
2.087110,89.924,0.019614,0.301750,45.3616,0.105978,25,4.88415
2.087110,78.3616,0.016173,0.301750,45.3616,0.091048,25,4.77164
3.385700,89.924,0.012301,0.301750,45.3616,0.105978,25,4.87976
2.087110,89.924,0.016173,0.301750,45.3616,0.091048,25,4.81859
3.385700,89.924,0.016173,0.301750,45.3616,0.091048,25,4.87669
2.087110,89.924,0.012301,0.301750,45.3616,0.105978,25,4.89021
3.385700,78.3616,0.012301,0.237467,45.3616,0.105978,25,4.8746
2.087110,89.924,0.012301,0.301750,45.3982,0.091048,25,4.85309
0.299000,78.3616,0.016173,0.301750,50.0877,0.091048,25,4.67782
2.087110,89.924,0.019614,0.237467,45.3616,0.105978,25,4.82427
2.087110,89.924,0.025478,0.237467,44.1176,0.091048,25,4.71683
2.087110,89.924,0.016173,0.237467,45.3982,0.091048,25,5.00527
2.087110,89.924,0.012301,0.237467,45.3616,0.091048,25,5.10265
2.087110,89.924,0.019614,0.237467,45.3982,0.091048,25,4.91768
2.087110,89.924,0.012301,0.237467,44.1176,0.105978,25,4.76163
3.385700,89.924,0.016173,0.301750,45.3616,0.105978,25,4.86503
2.087110,89.924,0.019614,0.301750,45.3616,0.091048,25,5.00901
3.385700,78.3616,0.019614,0.301750,45.3616,0.091048,25,4.61336
2.087110,89.924,0.016173,0.301750,45.3616,0.091048,25,4.81624
2.087110,89.924,0.012301,0.237467,45.3616,0.091048,25,4.83124
2.087110,90.5587,0.012301,0.237467,45.3982,0.105978,25,4.74152
2.087110,89.924,0.019614,0.301750,45.3616,0.091048,25,4.81847
2.087110,89.924,0.019614,0.237467,45.3616,0.105978,25,5.12515
2.087110,78.3616,0.019614,0.301750,45.3616,0.105978,25,4.84842
2.087110,89.924,0.012301,0.301750,45.3616,0.091048,25,4.79824
3.385700,78.3616,0.016173,0.237467,45.3616,0.091048,25,4.70902
3.385700,89.924,0.019173,0.301750,45.3616,0.091048,25,4.82941
2.087110,89.924,0.019173,0.301750,39.4517,0.091048,25,4.60672
2.087110,90.5587,0.012301,0.237467,45.3982,0.091048,25,4.59687
4.225990,54.7602,0.034004,5.450210,95.1569,0.00793,25,4.44913
4.933040,99.4323,0.015763,2.716330,50.2172,0.05001,25,4.87657
1.224070,44.4312,0.099882,2.175640,84.6618,0.031326,25,4.67909
0.962302,84.0777,0.073655,1.367380,58.541,0.020216,25,4.21795
4.400950,61.7497,0.047737,1.882100,104.446,0.029141,25,3.88793
0.054905,41.4246,0.101678,3.763650,47.533,0.024445,25,4.52577
2.132330,79.9115,0.047431,2.398260,72.7818,0.037341,25,4.56875
0.412017,68.4091,0.03639,2.316460,40.3078,0.077396,25,4.62256
3.884170,53.363,0.013201,2.117960,59.2663,0.007173,25,4.39803
2.539790,88.4605,0.006068,3.212280,88.9007,0.04083,25,4.41987
0.585003,135.159,0.027811,0.143821,67.5928,0.065754,25,4.21267
2.087110,89.924,0.016173,0.301750,45.3616,0.091048,26,5.05766
2.087110,89.924,0.016173,0.237467,45.3982,0.091048,26,4.95829
2.087110,89.924,0.012301,0.237467,45.3616,0.091048,26,4.87039
3.385700,89.924,0.019614,0.301750,45.3616,0.105978,26,4.59984
2.087110,89.924,0.012301,0.301750,45.3616,0.105978,26,4.85666
0.921642,78.3616,0.068145,0.237467,45.3616,0.105978,26,4.84393
3.385700,78.3616,0.012301,0.301750,45.3616,0.105978,26,4.91155
2.087110,89.924,0.012301,0.301750,45.3616,0.105978,26,4.92031
3.385700,89.924,0.012301,0.237467,45.3616,0.091048,26,4.99552
2.087110,89.924,0.016173,0.301750,45.3616,0.091048,26,5.01663
2.087110,89.924,0.012301,0.301750,45.3616,0.105978,26,5.04986
2.087110,78.3616,0.016173,0.301750,45.3616,0.091048,26,4.96771
2.087110,89.924,0.019614,0.237467,45.3982,0.105978,26,4.65321
2.087110,89.924,0.019614,0.301750,45.3616,0.105978,26,4.84981
2.087110,78.3616,0.019614,0.237467,45.3982,0.091048,26,4.81947
2.087110,89.924,0.016173,0.301750,45.3616,0.091048,26,4.90971
2.087110,89.924,0.019614,0.237467,45.3616,0.091048,26,5.20953
0.921642,89.924,0.068145,0.301750,45.3616,0.091048,26,4.67656
2.087110,78.3616,0.019614,0.301750,45.3616,0.105978,26,4.7467
2.087110,78.3616,0.016173,0.301750,45.3616,0.105978,26,4.99281
3.385700,89.924,0.016173,0.301750,45.3616,0.091048,26,4.38546
5.050620,78.3616,0.019614,0.301750,45.3616,0.105978,26,4.64568
2.087110,48.0154,0.044393,1.873850,45.3616,0.086148,26,4.60883
2.087110,89.924,0.012301,0.237467,45.3616,0.105978,26,4.85046
3.385700,78.3616,0.012301,0.301750,45.3616,0.105978,26,4.77715
2.087110,89.924,0.019614,0.237467,44.1176,0.105978,26,4.85743
2.087110,89.924,0.012301,0.301750,45.3616,0.105978,26,4.91999
2.087110,89.924,0.019614,0.301750,45.3616,0.105978,26,5.03763
2.087110,89.924,0.019614,0.237467,45.3616,0.091048,26,4.89306
2.087110,89.924,0.012301,0.237467,45.3616,0.091048,26,4.95766
2.087110,89.924,0.019614,0.301750,45.3616,0.091048,26,4.98822
2.087110,89.924,0.019614,0.237467,45.3616,0.091048,26,5.02838
2.087110,89.924,0.012301,0.301750,45.3982,0.091048,26,4.60576
2.087110,89.924,0.012301,0.237467,45.3616,0.105978,26,4.99543
3.385700,78.3616,0.019614,0.301750,45.3616,0.105978,26,4.89363
3.385700,78.3616,0.019614,0.237467,45.3982,0.091048,26,4.91198
2.087110,89.924,0.012301,0.237467,45.3616,0.105978,26,4.85388
3.385700,89.924,0.019614,0.301750,45.3616,0.091048,26,4.63151
2.087110,89.924,0.019173,0.237467,45.3982,0.091048,26,5.10355
3.679410,69.7387,0.040883,5.423630,138.603,0.002289,26,4.32731
3.287760,104.287,0.006637,0.130194,114.899,0.028988,26,3.88988
5.160630,101.5,0.00893,2.947000,41.2957,0.077039,26,4.59279
7.058010,92.0403,0.003978,0.365721,94.4434,0.010341,26,4.10884
4.830840,98.5111,0.005387,0.614506,44.3064,0.010182,26,4.60166
3.872510,42.1918,0.063675,4.500710,118.564,0.011822,26,4.23976
3.714190,62.5669,0.046984,1.561890,46.7794,0.10894,26,4.74424
6.888980,113.849,3.3e-05,6.639950,108.342,0.002731,26,4.111
1.216080,52.3401,0.067502,0.732000,74.6181,0.056982,26,4.12157
1.574620,99.7194,0.03185,6.731190,52.6614,0.005861,26,4.38329
0.177208,49.0164,0.070642,3.387990,64.1218,0.040284,26,4.41917
2.087110,89.924,0.019614,0.301750,45.3616,0.105978,27,5.10466
2.087110,78.3616,0.016173,0.301750,45.3616,0.091048,27,4.85781
2.087110,89.924,0.012301,0.237467,45.3616,0.091048,27,4.91722
2.087110,89.924,0.019614,0.237467,45.3616,0.105978,27,5.13164
2.087110,89.924,0.012301,0.301750,45.3616,0.091048,27,4.95171
2.087110,89.924,0.019614,0.301750,45.3616,0.105978,27,4.76768
2.087110,89.924,0.012301,0.301750,45.3616,0.105978,27,4.91141
0.921642,89.924,0.068145,0.237467,45.3616,0.091048,27,4.68805
2.087110,89.924,0.012301,0.301750,45.3616,0.091048,27,4.82717
3.287760,89.924,0.012301,0.237467,45.3616,0.105978,27,4.94593
2.087110,104.287,0.006637,0.130194,114.899,0.028988,27,4.19844
2.087110,78.3616,0.016173,0.237467,45.3616,0.091048,27,4.98896
2.087110,89.924,0.016173,0.301750,45.3982,0.091048,27,4.88739
2.087110,89.924,0.019614,0.301750,45.3616,0.091048,27,5.06263
2.087110,78.3616,0.016173,0.237467,45.3616,0.105978,27,4.79409
2.087110,89.924,0.019614,0.237467,45.3616,0.091048,27,4.7153
3.385700,89.924,0.012301,0.301750,45.3616,0.091048,27,4.71296
2.087110,89.924,0.012301,0.237467,45.3616,0.105978,27,5.01687
2.087110,89.924,0.019614,0.237467,45.3616,0.091048,27,4.89536
0.921642,78.3616,0.068145,0.237467,46.7794,0.10894,27,4.53891
3.714190,62.5669,0.046984,1.561890,45.3616,0.105978,27,4.70062
2.087110,89.924,0.019614,0.301750,45.3616,0.105978,27,4.73988
2.087110,89.924,0.016173,0.301750,45.3616,0.091048,27,4.85545
2.087110,89.924,0.019614,0.301750,45.3616,0.091048,27,4.82077
2.087110,89.924,0.016173,0.237467,45.3616,0.091048,27,4.84197
2.087110,89.924,0.016173,0.237467,45.3982,0.091048,27,5.00823
2.087110,89.924,0.012301,0.301750,45.3616,0.105978,27,4.95483
3.385700,89.924,0.012301,0.237467,45.3616,0.105978,27,4.82382
2.087110,89.924,0.012301,0.237467,45.3616,0.091048,27,4.84143
2.087110,89.924,0.019173,0.237467,45.3982,0.091048,27,4.99248
2.087110,89.924,0.012301,0.237467,45.3616,0.105978,27,4.78161
2.087110,89.924,0.012301,0.237467,45.3616,0.091048,27,4.87546
2.087110,89.924,0.012301,0.301750,45.3616,0.105978,27,4.93613
2.087110,89.924,0.019614,0.237467,45.3616,0.091048,27,4.9797
2.087110,89.924,0.016173,0.237467,45.3982,0.091048,27,4.82104
2.087110,89.924,0.016173,0.301750,45.3616,0.091048,27,5.11419
2.087110,89.924,0.012301,0.301750,45.3616,0.105978,27,4.96561
2.087110,78.3616,0.019614,0.301750,45.3616,0.105978,27,4.79613
3.385700,89.924,0.012301,0.237467,45.3616,0.091048,27,4.65253
2.355440,77.4284,0.016228,1.097690,124.554,0.044796,27,4.12742
1.236760,88.8397,0.041668,1.078280,74.8909,0.003789,27,4.09585
4.413650,108.891,0.018983,1.777670,102.153,0.028599,27,3.84104
0.978256,58.6085,0.033573,5.445060,38.2389,0.030024,27,4.48941
0.708486,106.251,0.04161,3.040110,108.159,0.010277,27,4.12047
3.990970,89.5653,0.037996,6.424440,112.721,0.002564,27,4.12501
3.772120,44.0256,0.00267,3.012630,47.8314,0.010725,27,4.86046
1.231360,78.3694,0.075632,1.069050,105.598,0.018583,27,4.09434
0.188636,111.416,0.025172,0.748910,63.7993,0.062348,27,4.38344
3.988560,47.4672,0.065512,4.139080,78.9409,0.020372,27,4.51421
0.114348,62.7018,0.07209,3.750460,92.5166,0.022402,27,4.42069
2.087110,89.924,0.012301,0.237467,45.3616,0.091048,28,4.68394
2.087110,89.924,0.012301,0.237467,45.3616,0.105978,28,4.89185
2.087110,89.924,0.019614,0.237467,45.3616,0.091048,28,4.82472
0.114348,62.5669,0.07209,1.561890,45.3616,0.105978,28,4.82283
3.714190,62.7018,0.046984,3.750460,92.5166,0.022402,28,4.04464
3.714190,89.924,0.012301,1.561890,45.3616,0.105978,28,4.71759
3.385700,62.5669,0.046984,0.237467,45.3616,0.105978,28,4.35394
2.087110,89.924,0.016173,0.237467,45.3616,0.091048,28,4.88146
2.087110,78.3616,0.016173,0.301750,45.3982,0.091048,28,5.08291
2.087110,89.924,0.012301,0.237467,45.3616,0.105978,28,4.5267
2.087110,89.924,0.019614,0.237467,45.3616,0.091048,28,4.73891
2.087110,89.924,0.016173,0.301750,45.3616,0.091048,28,5.03487
2.087110,78.3616,0.019614,0.301750,45.3616,0.105978,28,4.70212
2.087110,89.924,0.019614,0.237467,45.3616,0.091048,28,4.85618
2.087110,78.3616,0.016173,0.301750,45.3616,0.105978,28,4.88081
2.087110,89.924,0.016173,0.237467,45.3616,0.105978,28,4.83271
2.087110,89.924,0.012301,0.301750,45.3616,0.091048,28,5.0092
2.087110,89.924,0.016173,0.237467,45.3982,0.091048,28,5.17705
3.287760,89.924,0.012301,0.237467,45.3616,0.105978,28,4.79374
2.087110,89.924,0.019614,0.237467,45.3616,0.091048,28,4.8603
2.087110,89.924,0.019614,0.301750,45.3616,0.105978,28,5.09324
2.087110,89.924,0.019614,0.237467,45.3616,0.091048,28,4.96084
2.087110,89.924,0.019614,0.301750,45.3616,0.105978,28,4.87703
2.087110,104.287,0.019614,0.301750,114.899,0.028988,28,3.8993
2.087110,89.924,0.006637,0.130194,45.3616,0.091048,28,4.48668
2.087110,89.924,0.016173,0.237467,45.3616,0.105978,28,4.93517
2.087110,89.924,0.012301,0.301750,45.3982,0.091048,28,4.71666
2.087110,89.924,0.019614,0.237467,45.3616,0.091048,28,4.87261
2.087110,89.924,0.019614,0.301750,45.3616,0.105978,28,4.79154
2.087110,89.924,0.012301,0.237467,45.3616,0.091048,28,4.9883
2.087110,89.924,0.016173,0.237467,45.3616,0.105978,28,4.92658
2.087110,89.924,0.016173,0.301750,45.3616,0.091048,28,5.21304
2.087110,89.924,0.012301,0.301750,45.3616,0.091048,28,4.8799
2.087110,89.924,0.016173,0.301750,45.3616,0.091048,28,4.84557
2.087110,78.3616,0.016173,0.237467,45.3982,0.105978,28,4.76668
2.087110,89.924,0.016173,0.301750,45.3616,0.091048,28,4.92056
2.087110,89.924,0.016173,0.301750,45.3982,0.091048,28,4.8784
2.087110,89.924,0.012301,0.237467,45.3616,0.105978,28,4.85502
2.087110,89.924,0.019614,0.301750,45.3616,0.105978,28,4.96108
0.805205,79.6434,0.05613,3.763470,108.714,0.001379,28,4.37237
1.469040,40.4702,0.003956,1.171850,41.5462,0.091245,28,4.80317
2.621550,110.77,0.022209,4.583110,83.9291,0.003733,28,4.09709
3.997970,56.4747,0.058865,3.384810,50.1131,0.036225,28,4.43158
0.399348,130.994,0.043903,3.376780,51.0533,0.069228,28,3.90692
2.258530,58.4014,0.04313,2.867390,101.176,0.010926,28,4.36335
1.432140,71.9269,0.002375,5.374640,59.8219,0.025992,28,4.56721
0.822486,51.4928,0.082004,2.009020,46.7047,0.060953,28,4.77887
0.013153,86.1753,0.065612,2.763150,39.983,0.025936,28,4.91273
3.629070,89.8693,0.004984,2.062960,135.591,0.011372,28,4.00623
0.918393,43.3326,0.074292,1.900590,48.4054,0.033433,28,4.62541
0.013153,86.1753,0.065612,2.763150,39.983,0.025936,29,4.82753
2.087110,89.924,0.016173,0.301750,45.3982,0.091048,29,4.94222
2.087110,89.924,0.016173,0.301750,45.3616,0.091048,29,5.00612
0.805205,89.924,0.016173,3.763470,108.714,0.001379,29,4.35041
2.087110,79.6434,0.05613,0.237467,45.3982,0.091048,29,4.30286
0.805205,79.6434,0.05613,3.376780,108.714,0.001379,29,4.4439
0.399348,130.994,0.043903,3.763470,51.0533,0.069228,29,3.75311
2.621550,104.287,0.019614,4.583110,114.899,0.003733,29,3.97077
2.087110,110.77,0.022209,0.301750,83.9291,0.028988,29,4.2757
2.087110,89.924,0.019614,0.237467,45.3616,0.091048,29,4.97107
2.087110,89.924,0.012301,0.301750,45.3616,0.105978,29,4.91824
2.087110,78.3616,0.016173,0.237467,45.3982,0.091048,29,4.84878
2.087110,89.924,0.012301,0.301750,45.3616,0.091048,29,4.94747
2.087110,78.3616,0.019614,0.301750,45.3616,0.105978,29,5.05632
2.087110,89.924,0.016173,0.301750,45.3616,0.105978,29,4.94023
2.087110,89.924,0.016173,0.301750,45.3616,0.091048,29,5.05338
2.087110,89.924,0.019614,0.301750,45.3616,0.105978,29,4.72374
2.087110,89.924,0.012301,0.301750,45.3616,0.105978,29,5.05824
2.087110,89.924,0.012301,0.237467,45.3616,0.091048,29,4.906
2.087110,89.924,0.012301,0.301750,45.3616,0.091048,29,4.94152
2.087110,89.924,0.012301,0.237467,45.3616,0.091048,29,5.16644
2.087110,89.924,0.012301,0.237467,45.3616,0.091048,29,5.01002
2.087110,89.924,0.019614,0.237467,45.3616,0.091048,29,4.95047
2.087110,89.924,0.012301,0.237467,45.3982,0.091048,29,5.05177
2.087110,89.924,0.016173,0.237467,45.3616,0.091048,29,4.56719
2.087110,78.3616,0.016173,0.301750,45.3616,0.091048,29,4.75836
2.087110,89.924,0.016173,0.237467,45.3616,0.105978,29,4.8214
2.087110,89.924,0.016173,0.237467,45.3616,0.091048,29,4.6694
2.087110,89.924,0.016173,0.301750,45.3616,0.105978,29,4.98205
0.013153,89.924,0.065612,0.237467,45.3616,0.025936,29,4.81031
2.087110,86.1753,0.016173,2.763150,39.983,0.105978,29,4.61141
2.087110,89.924,0.016173,0.237467,45.3616,0.091048,29,4.97621
2.087110,78.3616,0.019614,0.301750,45.3616,0.105978,29,4.91404
2.087110,89.924,0.019614,0.237467,45.3616,0.105978,29,5.04074
2.087110,89.924,0.016173,0.237467,45.3616,0.091048,29,4.97441
2.087110,89.924,0.016173,0.237467,45.3616,0.091048,29,4.72285
2.087110,89.924,0.019614,0.301750,45.3616,0.091048,29,5.0056
2.087110,89.924,0.016173,0.301750,45.3616,0.091048,29,4.96643
2.087110,78.3616,0.016173,0.301750,45.3982,0.091048,29,4.90841
1.461910,42.7795,0.133805,4.024350,67.7682,0.018363,29,4.54873
0.070762,96.2552,0.026707,0.647562,52.2591,0.0105,29,4.65766
0.292922,80.3266,0.062525,0.232519,43.5912,0.153545,29,4.71136
0.506664,78.4544,0.065225,2.399700,94.9688,0.038438,29,4.25047
2.362800,127.706,0.02389,1.525420,74.5692,0.051807,29,4.08281
4.228620,43.8928,0.045048,2.209000,60.5856,0.071138,29,4.3599
2.792390,94.309,0.001213,3.671390,71.9528,0.050595,29,4.07807
4.596060,84.8991,0.012261,2.494120,52.6576,0.078075,29,4.52048
1.975030,131.902,0.029038,0.785894,51.4759,0.124684,29,4.30254
3.512020,57.8704,0.02803,4.578010,38.6182,0.069306,29,4.45352
0.753983,101.744,0.014243,3.669160,73.7881,0.038337,29,4.12137
0.070762,96.2552,0.026707,0.647562,52.2591,0.0105,30,4.56804
0.013153,89.924,0.065612,0.237467,45.3616,0.025936,30,4.75582
2.087110,89.924,0.012301,0.237467,45.3616,0.091048,30,4.93029
2.087110,89.924,0.016173,0.237467,45.3616,0.091048,30,4.88485
2.087110,89.924,0.019614,0.301750,45.3616,0.091048,30,4.93284
2.792390,94.309,0.045048,3.671390,60.5856,0.050595,30,4.36978
4.228620,43.8928,0.001213,2.209000,71.9528,0.071138,30,4.29935
0.805205,89.924,0.016173,0.301750,45.3616,0.091048,30,4.92186
2.087110,89.924,0.012301,3.763470,108.714,0.001379,30,4.24391
2.087110,89.924,0.016173,0.301750,45.3616,0.105978,30,4.78631
2.087110,89.924,0.012301,0.237467,45.3616,0.091048,30,5.05233
2.087110,78.3616,0.012301,0.301750,45.3982,0.091048,30,4.88932
2.087110,89.924,0.016173,0.237467,45.3982,0.091048,30,5.00677
2.087110,89.924,0.012301,0.237467,45.3616,0.091048,30,4.73388
2.087110,89.924,0.012301,0.237467,45.3616,0.091048,30,5.04166
2.087110,89.924,0.016173,0.237467,45.3616,0.091048,30,4.99697
2.087110,89.924,0.019614,0.301750,45.3616,0.091048,30,4.9029
2.087110,89.924,0.012301,0.301750,45.3616,0.091048,30,4.96136
2.087110,89.924,0.016173,0.237467,45.3616,0.105978,30,5.06803
2.087110,89.924,0.012301,0.301750,45.3616,0.091048,30,4.97844
2.087110,89.924,0.016173,0.301750,45.3616,0.105978,30,4.81267
2.087110,89.924,0.012301,0.237467,45.3616,0.091048,30,4.96232
2.087110,89.924,0.012301,0.301750,45.3616,0.105978,30,4.7423
2.087110,89.924,0.019614,0.301750,45.3616,0.105978,30,4.83017
2.087110,78.3616,0.012301,0.237467,45.3982,0.091048,30,4.77495
2.087110,89.924,0.012301,0.237467,45.3616,0.091048,30,5.12247
2.087110,89.924,0.016173,0.301750,45.3616,0.091048,30,5.12084
2.087110,78.3616,0.019614,0.301750,45.3616,0.105978,30,4.8817
2.087110,78.3616,0.016173,0.237467,45.3982,0.091048,30,4.91776
2.087110,89.924,0.012301,0.237467,45.3616,0.091048,30,4.88344
2.087110,89.924,0.016173,0.301750,45.3616,0.105978,30,4.90696
2.087110,89.924,0.012301,0.237467,45.3616,0.091048,30,4.83074
2.087110,89.924,0.016173,0.237467,45.3616,0.091048,30,4.8414
0.013153,89.924,0.065612,2.763150,45.3616,0.091048,30,4.50087
2.087110,86.1753,0.012301,0.237467,39.983,0.025936,30,4.69405
2.087110,89.924,0.012301,0.301750,45.3616,0.091048,30,5.06481
2.087110,89.924,0.012301,0.301750,45.3616,0.105978,30,4.97014
2.087110,89.924,0.012301,0.301750,45.3616,0.105978,30,4.91489
2.087110,89.924,0.016173,0.237467,45.3616,0.091048,30,4.99435
4.528730,97.8462,0.002678,4.263010,49.9237,0.025707,30,4.23347
0.739131,72.7749,0.010722,0.248605,48.4076,0.102827,30,4.3526
6.281460,70.9453,0.010004,3.596840,66.9264,0.01266,30,4.52821
3.907050,82.752,0.001108,2.573700,88.1317,0.024354,30,4.41603
1.066760,92.0175,0.053369,4.506880,101.713,0.012038,30,3.97841
3.301010,72.086,0.019469,1.154020,45.7833,0.041828,30,4.4201
4.215560,117.509,0.01275,3.985540,70.6229,0.038288,30,3.84967
3.507810,117.264,0.005364,2.478530,60.4629,0.048524,30,4.29076
4.296400,135.097,0.017937,2.339410,85.882,0.046829,30,4.11516
0.636460,64.5442,0.089148,1.565800,125.352,0.020935,30,4.4936
0.533382,65.4835,0.094666,2.902050,67.9875,0.010406,30,4.49562
2.087110,89.924,0.016173,0.237467,45.3616,0.091048,31,5.10551
2.087110,78.3616,0.019614,0.301750,45.3616,0.105978,31,4.76204
2.087110,89.924,0.012301,0.301750,45.3616,0.105978,31,5.15151
2.087110,89.924,0.016173,0.301750,45.3616,0.091048,31,4.65643
2.087110,89.924,0.019614,0.237467,45.3616,0.091048,31,4.91671
2.792390,94.309,0.012301,0.237467,45.3616,0.091048,31,4.80906
2.087110,89.924,0.045048,3.671390,60.5856,0.050595,31,4.53825
2.792390,89.924,0.045048,0.301750,60.5856,0.091048,31,4.49312
0.805205,94.309,0.016173,3.671390,45.3616,0.050595,31,4.69958
6.281460,70.9453,0.010004,3.596840,45.3616,0.01266,31,4.81429
2.087110,89.924,0.016173,0.237467,66.9264,0.105978,31,4.32433
2.087110,89.924,0.012301,0.301750,45.3616,0.091048,31,4.98657
2.087110,89.924,0.012301,0.237467,45.3616,0.091048,31,4.8724
2.087110,89.924,0.016173,0.237467,45.3616,0.105978,31,5.06009
2.087110,89.924,0.016173,0.301750,45.3616,0.091048,31,4.73419
2.087110,89.924,0.012301,0.237467,45.3616,0.091048,31,5.05884
2.087110,89.924,0.012301,0.237467,45.3616,0.091048,31,4.55836
0.013153,89.924,0.065612,0.237467,45.3616,0.025936,31,4.72957
2.087110,89.924,0.019614,0.301750,45.3616,0.091048,31,4.90585
0.805205,89.924,0.012301,0.301750,45.3982,0.091048,31,4.61025
2.087110,78.3616,0.016173,0.301750,45.3616,0.091048,31,4.89013
2.087110,89.924,0.012301,0.301750,45.3616,0.091048,31,4.83974
0.805205,89.924,0.016173,0.301750,45.3616,0.091048,31,4.97985
2.087110,89.924,0.019614,0.301750,125.352,0.020935,31,3.88181
0.636460,64.5442,0.089148,1.565800,45.3616,0.091048,31,4.45399
2.087110,89.924,0.012301,0.301750,45.3982,0.091048,31,4.95272
2.087110,78.3616,0.019614,0.301750,45.3616,0.091048,31,5.0325
2.087110,89.924,0.012301,0.301750,45.3616,0.105978,31,4.76819
2.087110,89.924,0.019614,0.301750,45.3616,0.105978,31,4.78334
2.087110,89.924,0.012301,0.237467,45.3616,0.091048,31,5.14713
2.087110,89.924,0.016173,0.237467,45.3982,0.091048,31,4.92761
2.087110,89.924,0.012301,0.301750,45.3616,0.091048,31,4.71787
2.087110,89.924,0.012301,0.237467,45.3616,0.091048,31,4.77845
2.087110,89.924,0.019614,0.301750,45.3616,0.091048,31,4.82234
2.087110,89.924,0.012301,0.237467,45.3616,0.091048,31,4.71405
2.087110,89.924,0.012301,0.237467,45.3616,0.091048,31,5.01261
2.087110,89.924,0.012301,0.301750,45.3616,0.091048,31,5.03385
2.087110,89.924,0.012301,0.301750,45.3616,0.091048,31,4.8013
2.087110,89.924,0.016173,0.237467,45.3616,0.091048,31,4.83548
0.213233,123.651,0.034231,0.494369,124.401,0.049856,31,3.80952
1.345620,83.0148,0.018266,3.126410,46.3024,0.067027,31,4.70917
2.762660,132.468,0.007075,0.862836,94.6769,0.065754,31,3.83202
3.743150,52.6252,0.018637,2.782800,44.722,0.039638,31,4.52228
2.047090,77.4361,0.068065,4.193350,39.7954,0.074349,31,4.74875
6.732950,46.1358,0.002475,5.463260,120.198,0.001233,31,4.53309
4.283580,60.7801,0.051802,0.864755,125.467,0.011695,31,4.05299
0.266260,106.319,0.057043,0.189079,110.691,0.038525,31,4.20008
2.249340,101.744,0.028651,2.080260,110.88,0.043964,31,4.0157
2.122980,84.1852,0.002679,2.080710,111.557,0.043115,31,4.15416
2.519340,107.238,0.007103,0.702851,41.7374,0.160602,31,4.6366
