SideLength,Height,XInitial,YInital,ZFinal,YFinal,Beta,Generation,Fitness
11.897400,47.1751,4.0,4.0,6.0,47.1751,0.1,0,10570.388297
15.238800,43.7901,4.0,4.0,6.0,43.7901,0.1,0,10711.949507
21.331300,23.4058,4.0,4.0,6.0,23.4058,0.1,0,10621.541551
22.787000,26.7552,4.0,4.0,6.0,26.7552,0.1,0,10562.839753
10.317500,38.4915,4.0,4.0,6.0,38.4915,0.1,0,10621.914173
14.656800,42.0755,4.0,4.0,6.0,42.0755,0.1,0,10876.739074
17.805300,31.9903,4.0,4.0,6.0,31.9903,0.1,0,10755.61288
15.489700,49.8125,4.0,4.0,6.0,49.8125,0.1,0,10518.226349
23.978700,35.3534,4.0,4.0,6.0,35.3534,0.1,0,10706.064829
10.166600,37.2554,4.0,4.0,6.0,37.2554,0.1,0,10673.137454
13.132800,17.871,4.0,4.0,6.0,17.871,0.1,0,10520.353385
11.907700,31.5051,4.0,4.0,6.0,31.5051,0.1,0,10549.897969
24.618000,49.276,4.0,4.0,6.0,49.276,0.1,0,10541.760158
11.850900,46.373,4.0,4.0,6.0,46.373,0.1,0,10853.243925
12.655800,37.9254,4.0,4.0,6.0,37.9254,0.1,0,10467.459345
22.830300,46.9415,4.0,4.0,6.0,46.9415,0.1,0,10703.177107
21.055900,42.6127,4.0,4.0,6.0,42.6127,0.1,0,10891.462204
10.462900,36.0329,4.0,4.0,6.0,36.0329,0.1,0,10506.652229
16.940300,25.1935,4.0,4.0,6.0,25.1935,0.1,0,10773.275134
22.120400,30.4085,4.0,4.0,6.0,30.4085,0.1,0,10546.459406
23.397000,47.5629,4.0,4.0,6.0,47.5629,0.1,0,10895.417532
15.537700,42.9528,4.0,4.0,6.0,42.9528,0.1,0,10483.535608
12.120200,34.2033,4.0,4.0,6.0,34.2033,0.1,0,10393.405739
20.086800,48.5402,4.0,4.0,6.0,48.5402,0.1,0,10675.79718
16.245400,41.1591,4.0,4.0,6.0,41.1591,0.1,0,10935.718527
14.752000,28.6201,4.0,4.0,6.0,28.6201,0.1,0,10457.658496
14.303000,22.5759,4.0,4.0,6.0,22.5759,0.1,0,10405.364967
12.679700,31.1861,4.0,4.0,6.0,31.1861,0.1,0,10549.668277
15.519300,16.4103,4.0,4.0,6.0,16.4103,0.1,0,10384.032389
10.024000,46.1859,4.0,4.0,6.0,46.1859,0.1,0,10591.603289
13.877700,45.1385,4.0,4.0,6.0,45.1385,0.1,0,10555.145854
21.296200,49.5828,4.0,4.0,6.0,49.5828,0.1,0,10690.476378
13.891500,22.4055,4.0,4.0,6.0,22.4055,0.1,0,10644.036489
15.897400,43.2903,4.0,4.0,6.0,43.2903,0.1,0,10635.918381
20.199000,35.9137,4.0,4.0,6.0,35.9137,0.1,0,10532.593566
21.306900,48.8427,4.0,4.0,6.0,48.8427,0.1,0,10897.583603
10.974500,46.7873,4.0,4.0,6.0,46.7873,0.1,0,10593.882895
10.454700,27.1874,4.0,4.0,6.0,27.1874,0.1,0,10128.119829
14.169200,29.1154,4.0,4.0,6.0,29.1154,0.1,0,10870.601347
17.572200,26.5545,4.0,4.0,6.0,26.5545,0.1,0,10798.074621
13.924800,33.9628,4.0,4.0,6.0,33.9628,0.1,0,10724.593758
13.610500,27.6981,4.0,4.0,6.0,27.6981,0.1,0,10862.443974
11.855400,48.5353,4.0,4.0,6.0,48.5353,0.1,0,10781.42475
15.911600,39.8537,4.0,4.0,6.0,39.8537,0.1,0,10645.706567
20.215200,39.7927,4.0,4.0,6.0,39.7927,0.1,0,10402.043638
15.042500,49.6464,4.0,4.0,6.0,49.6464,0.1,0,10870.484409
18.409700,40.4524,4.0,4.0,6.0,40.4524,0.1,0,10456.380803
20.490200,47.2259,4.0,4.0,6.0,47.2259,0.1,0,10546.573948
18.821600,23.9294,4.0,4.0,6.0,23.9294,0.1,0,10695.511785
15.341900,27.4525,4.0,4.0,6.0,27.4525,0.1,0,10454.006872
13.132800,17.871,4.0,4.0,6.0,17.871,0.1,1,10520.087282
10.166600,37.2554,4.0,4.0,6.0,37.2554,0.1,1,10643.532277
21.331300,23.4058,4.0,4.0,6.0,23.4058,0.1,1,10781.13744
12.655800,39.8537,4.0,4.0,6.0,37.9254,0.1,1,10821.648662
15.911600,37.9254,4.0,4.0,6.0,20.769,0.1,1,10388.301724
24.618000,49.276,4.0,4.0,6.0,49.276,0.1,1,10814.379663
17.805300,31.9903,4.0,4.0,7.41795,31.9903,0.1,1,10560.759672
24.618000,49.276,4.0,4.0,6.0,49.276,0.1,1,10577.365711
24.618000,49.276,4.0,4.0,6.0,49.276,0.715743,1,10682.303318
18.409700,35.3534,4.0,4.0,6.0,35.3534,0.1,1,10604.704237
23.978700,40.4524,4.0,4.0,6.0,40.4524,0.1,1,10635.953448
13.877700,45.1385,4.0,4.0,6.0,45.1385,0.1,1,10911.870346
13.877700,45.1385,4.0,4.0,6.0,45.1385,0.1,1,10486.09495
15.911600,45.1385,4.0,4.0,6.0,39.8537,0.1,1,10904.446925
13.877700,39.8537,4.0,4.0,6.0,7.13452,0.1,1,10699.89253
13.891500,22.4055,4.0,4.0,6.0,22.4055,0.1,1,10493.190081
12.120200,34.2033,4.0,4.0,6.0,34.2033,0.1,1,10631.43741
17.805300,31.9903,4.0,4.0,6.0,22.4055,0.1,1,10616.90025
13.891500,42.6512,4.0,4.0,6.0,31.9903,0.1,1,10610.834195
17.572200,26.5545,4.0,4.0,6.0,26.5545,0.1,1,10492.002135
20.490200,47.2259,4.0,4.0,6.0,47.2259,0.1,1,10776.376536
12.655800,37.9254,4.0,4.0,6.0,37.9254,0.1,1,10807.98053
15.042500,49.6464,4.0,4.0,6.0,49.6464,0.1,1,10333.73179
11.855400,48.5353,4.0,4.0,6.0,48.5353,0.1,1,10869.977052
23.978700,35.3534,4.0,4.0,6.0,35.3534,0.1,1,10799.194481
10.462900,46.9415,4.0,4.0,6.0,46.9415,0.1,1,10624.971972
22.830300,36.0329,4.0,4.0,6.0,36.0329,0.1,1,10507.904937
13.877700,45.1385,4.0,4.0,6.0,45.1385,0.1,1,10161.956972
14.169200,29.1154,4.0,4.0,6.0,29.1154,0.1,1,10784.815069
10.974500,46.7873,4.0,4.0,6.0,27.4525,0.1,1,10729.339981
15.341900,49.7509,4.0,4.0,6.0,46.7873,0.1,1,10867.013883
13.891500,39.8537,4.0,4.0,6.0,22.4055,0.1,1,10381.87072
15.911600,49.6268,4.0,4.0,6.0,39.8537,0.1,1,10505.254498
15.911600,49.8125,4.0,4.0,6.0,49.8125,0.1,1,10634.003167
15.489700,39.8537,4.0,4.0,6.0,39.8537,0.1,1,10816.470323
10.974500,35.9137,4.0,4.0,6.0,35.9137,0.1,1,10849.551015
20.199000,46.7873,4.0,4.0,6.0,46.7873,0.1,1,10506.826927
10.166600,36.0329,4.0,4.0,6.0,36.0329,0.1,1,10502.333639
10.462900,37.2554,4.0,4.0,6.0,37.2554,0.1,1,10849.797894
10.850200,35.0198,4.0,4.0,6.0,35.0198,0.1,1,10607.301558
17.813200,28.1055,4.0,4.0,6.0,28.1055,0.1,1,10688.761244
13.428000,49.9439,4.0,4.0,6.0,49.9439,0.1,1,10331.351703
13.414300,35.908,4.0,4.0,6.0,35.908,0.1,1,10762.920992
16.904300,49.447,4.0,4.0,6.0,49.447,0.1,1,10466.007224
22.803000,25.553,4.0,4.0,6.0,25.553,0.1,1,10316.216836
12.620800,31.1314,4.0,4.0,6.0,31.1314,0.1,1,10596.877332
18.104400,39.8707,4.0,4.0,6.0,39.8707,0.1,1,10990.15669
12.947000,49.546,4.0,4.0,6.0,49.546,0.1,1,10658.300873
16.157000,37.9098,4.0,4.0,6.0,37.9098,0.1,1,10684.03442
21.724400,43.7928,4.0,4.0,6.0,43.7928,0.1,1,10419.865466
17.805300,31.9903,4.0,4.0,6.0,22.4055,0.1,2,10741.409366
13.877700,39.8537,4.0,4.0,6.0,7.13452,0.1,2,10540.142766
24.618000,49.276,4.0,4.0,6.0,49.276,0.1,2,10831.615892
13.414300,45.1385,4.0,4.0,6.0,45.1385,0.1,2,10403.909365
13.877700,35.908,4.0,4.0,6.0,35.908,0.1,2,10483.286889
10.974500,49.7509,4.0,4.0,6.0,46.7873,0.1,2,10796.681503
15.341900,35.9137,4.0,4.0,6.0,35.9137,0.1,2,10548.554888
10.462900,46.9415,4.0,4.0,6.0,35.908,0.1,2,10501.683708
13.414300,47.6454,4.0,4.0,6.0,46.9415,0.1,2,10740.399039
15.911600,45.1385,4.0,4.0,6.0,39.8537,0.1,2,10544.550763
13.877700,45.1385,4.0,4.0,6.0,45.1385,0.1,2,10924.766764
17.805300,31.9903,4.0,4.0,6.0,28.1055,0.1,2,10704.233924
17.813200,28.1055,4.0,4.0,6.0,22.4055,0.1,2,10558.930638
12.655800,49.7509,4.0,4.0,6.0,46.7873,0.1,2,10617.372015
15.341900,39.8537,4.0,4.0,6.0,37.9254,0.1,2,10567.708827
21.724400,43.7928,4.0,4.0,6.0,43.7928,0.1,2,10845.53334
12.655800,37.9254,4.0,4.0,6.0,37.9254,0.1,2,10706.774647
13.414300,35.0198,4.0,4.0,6.0,35.0198,0.1,2,10587.122863
10.850200,35.908,4.0,4.0,6.0,35.908,0.1,2,10532.475146
21.331300,49.546,4.0,4.0,6.0,23.4058,0.1,2,10733.230646
12.947000,23.4058,4.0,4.0,6.0,9.7995,0.1,2,10856.431045
17.805300,31.9903,4.0,4.0,7.41795,31.9903,0.1,2,10247.896047
12.120200,34.2033,4.0,4.0,6.0,34.2033,0.1,2,10841.213207
17.805300,31.9903,4.0,4.0,6.0,26.5545,0.1,2,10366.604377
17.572200,26.5545,4.0,4.0,6.0,22.4055,0.1,2,10499.233618
15.489700,39.8537,4.0,4.0,6.0,39.8537,0.1,2,10316.612494
15.911600,45.1385,4.0,4.0,6.0,39.8537,0.1,2,11032.326814
10.462900,46.9415,4.0,4.0,6.0,29.1154,0.1,2,10689.688516
14.169200,29.1154,4.0,4.0,6.0,9.0232,0.1,2,10902.283157
12.655800,39.8537,4.0,4.0,6.0,37.9254,0.1,2,10525.335742
13.414300,35.908,4.0,4.0,6.0,35.908,0.1,2,10491.362404
13.414300,35.908,4.0,4.0,6.0,35.908,0.1,2,10588.577767
13.414300,35.908,4.0,4.0,6.0,35.908,0.1,2,10626.922886
18.104400,46.9415,4.0,4.0,6.0,39.8707,0.1,2,10456.920688
10.462900,39.8707,4.0,4.0,6.0,14.594,0.1,2,10891.026811
16.904300,26.5545,4.0,4.0,6.0,26.5545,0.1,2,10559.218484
17.572200,49.447,4.0,4.0,6.0,49.447,0.1,2,10642.506761
10.462900,46.7873,4.0,4.0,6.0,46.7873,0.1,2,10651.647918
20.199000,46.9415,4.0,4.0,6.0,46.9415,0.1,2,10759.826128
18.209700,36.5752,4.0,4.0,6.0,36.5752,0.1,2,10527.962659
19.673400,40.8137,4.0,4.0,6.0,40.8137,0.1,2,10650.838127
10.310400,42.0328,4.0,4.0,6.0,42.0328,0.1,2,10402.717081
11.309300,49.303,4.0,4.0,6.0,49.303,0.1,2,10495.589383
20.576700,43.1993,4.0,4.0,6.0,43.1993,0.1,2,10599.687614
24.777700,46.6957,4.0,4.0,6.0,46.6957,0.1,2,10855.753557
17.244200,43.4094,4.0,4.0,6.0,43.4094,0.1,2,10630.957689
17.122900,47.9546,4.0,4.0,6.0,47.9546,0.1,2,10461.561016
20.777100,26.2599,4.0,4.0,6.0,26.2599,0.1,2,10834.622091
14.039400,49.2472,4.0,4.0,6.0,49.2472,0.1,2,10596.573518
11.834600,34.9086,4.0,4.0,6.0,34.9086,0.1,2,10815.305136
14.698800,44.3289,4.0,4.0,6.0,44.3289,0.1,3,10513.405587
17.572200,49.447,4.0,4.0,6.0,49.447,0.1,3,10543.060886
13.414300,35.0198,4.0,4.0,6.0,34.4382,0.1,3,10420.545301
21.331300,49.546,4.0,4.0,6.0,9.0232,0.1,3,10335.766717
14.169200,34.9086,4.0,4.0,6.0,23.4058,0.1,3,10962.904761
13.485500,49.546,4.0,4.0,6.0,26.241,0.1,3,10824.097555
21.331300,46.3564,4.0,10.2094,6.0,43.1993,0.1,3,10456.864332
14.039400,49.2472,4.0,4.0,6.0,9.0232,0.1,3,10479.506672
14.169200,34.9086,4.0,4.0,6.0,23.8536,0.1,3,10544.076163
12.655800,19.6455,4.0,4.0,6.0,19.6455,0.1,3,10569.3106
24.132700,46.3074,4.0,4.0,6.0,37.9254,0.1,3,11060.701898
11.834600,46.6957,4.0,4.0,6.0,46.6957,0.1,3,10668.613964
11.834600,46.6957,4.0,4.0,6.0,46.6957,0.1,3,10609.598196
12.655800,49.276,4.0,4.0,6.0,49.276,0.1,3,10495.569396
14.039400,46.3074,4.0,17.1498,6.0,37.9254,0.1,3,10218.146546
13.877700,45.1385,4.0,4.0,6.0,45.1385,0.1,3,10918.614563
13.877700,45.1385,4.0,4.0,6.0,45.1385,0.1,3,10303.387502
13.414300,35.0198,4.0,4.0,6.0,34.4382,0.1,3,10435.841628
10.818300,46.5086,4.0,4.0,6.0,46.5086,0.1,3,10506.149939
19.311200,43.5747,4.0,4.0,6.0,38.0856,0.1,3,10831.330368
13.186800,38.0856,4.0,4.0,6.0,23.8051,0.1,3,10501.874143
15.489700,49.546,4.0,4.0,6.0,23.4058,0.1,3,10292.212485
10.850200,35.908,4.0,4.0,6.0,18.0792,0.1,3,10838.542437
10.310400,46.9415,4.0,4.0,6.0,35.908,0.1,3,10943.798904
10.462900,42.0328,4.0,4.0,6.0,42.0328,0.1,3,10328.193647
11.309300,49.303,4.0,4.0,6.0,49.303,0.1,3,10914.52476
11.834600,46.6957,4.0,4.0,6.0,46.6957,0.1,3,10993.53329
10.850200,49.447,4.0,4.0,6.0,49.447,0.1,3,10503.395836
17.572200,35.908,4.0,4.0,6.0,18.0792,0.1,3,10632.921752
13.485500,46.9415,4.0,4.0,6.0,26.241,0.1,3,10713.812266
18.104400,48.2851,4.0,4.0,6.0,39.8707,0.1,3,10394.271682
12.655800,46.3074,4.0,4.0,6.0,39.8537,0.1,3,10570.516463
15.489700,39.8537,4.0,4.0,6.0,37.9254,0.1,3,10242.806881
11.834600,36.983,4.0,4.0,4.06121,34.9086,0.1,3,10564.425473
12.655800,46.3074,4.0,4.0,6.0,37.9254,0.1,3,10683.917956
21.331300,49.546,4.0,4.0,6.0,23.4058,0.1,3,10584.606848
20.777100,49.303,4.0,4.0,2.60878,49.303,0.1,3,10382.583913
19.736700,39.8537,4.0,4.0,6.0,34.7834,0.1,3,10583.886051
15.489700,34.7834,4.0,4.0,6.0,22.8776,0.1,3,10978.082076
19.918200,49.0893,4.0,4.0,6.0,49.0893,0.1,3,10667.493094
12.499800,46.4955,4.0,4.0,6.0,46.4955,0.1,3,10266.410591
17.688700,46.2215,4.0,4.0,6.0,46.2215,0.1,3,10764.539811
13.832900,34.585,4.0,4.0,6.0,34.585,0.1,3,10908.485166
15.329500,30.9955,4.0,4.0,6.0,30.9955,0.1,3,10525.133918
16.946800,38.4541,4.0,4.0,6.0,38.4541,0.1,3,10834.843814
24.916500,29.1238,4.0,4.0,6.0,29.1238,0.1,3,10836.23474
11.867900,48.7183,4.0,4.0,6.0,48.7183,0.1,3,10706.403685
16.806400,25.2195,4.0,4.0,6.0,25.2195,0.1,3,10425.153147
15.303100,47.1626,4.0,4.0,6.0,47.1626,0.1,3,10600.665454
19.324100,25.7132,4.0,4.0,6.0,25.7132,0.1,3,10904.853511
12.655800,19.6455,4.0,4.0,6.0,19.6455,0.1,4,10962.455385
17.688700,46.2215,4.0,4.0,6.0,46.2215,0.1,4,10521.723729
21.331300,46.3564,4.0,10.2094,6.0,43.1993,0.1,4,10297.140372
24.916500,49.546,4.0,4.0,6.0,29.1238,0.1,4,10887.937623
15.489700,29.1238,4.0,4.0,3.89123,23.4058,0.1,4,11050.214942
24.132700,46.6957,4.0,4.0,6.0,46.6957,0.1,4,10716.997142
11.834600,46.3074,4.0,4.0,6.0,37.9254,0.1,4,10508.789594
21.331300,46.3564,4.0,4.0,6.0,34.585,0.1,4,10712.660483
13.832900,34.585,4.0,10.2094,6.0,13.2819,0.1,4,10864.165557
11.309300,49.303,4.0,4.0,6.0,34.4382,0.1,4,9996.521636
13.414300,35.0198,4.0,4.0,6.0,6.4249,0.1,4,10234.22074
19.736700,39.8537,4.0,4.0,6.0,34.7834,0.1,4,10598.219284
11.834600,46.6957,4.0,4.0,6.0,46.6957,0.1,4,10550.606627
19.918200,49.0893,4.0,4.0,6.0,34.4382,0.1,4,10294.219106
13.414300,35.0198,4.0,4.0,6.0,10.1486,0.1,4,10640.146567
12.655800,30.9955,4.0,4.0,6.0,30.9955,0.1,4,10433.947261
15.329500,46.3074,4.0,4.0,6.0,37.9254,0.1,4,10211.091075
15.329500,49.546,4.0,4.0,6.0,9.0232,0.1,4,10491.753148
21.331300,30.9955,4.0,4.0,6.0,30.9955,0.1,4,10470.039835
24.132700,42.0328,4.0,4.0,6.0,37.9254,0.1,4,10444.690511
10.462900,46.3074,4.0,4.0,6.0,42.0328,0.1,4,10615.085291
12.655800,43.5747,4.0,4.0,6.0,37.9254,0.1,4,10290.466057
19.311200,46.3074,4.0,4.0,6.0,38.0856,0.1,4,10612.044626
11.867900,48.7183,4.0,4.0,6.0,34.4382,0.1,4,10422.946262
13.414300,35.0198,4.0,4.0,6.0,8.20427,0.1,4,10503.62081
21.331300,46.3564,4.0,10.2094,6.0,43.1993,0.1,4,10911.425772
11.834600,36.983,4.0,4.0,4.06121,34.9086,0.1,4,10641.525933
12.655800,48.7183,4.0,4.0,6.0,37.9254,0.1,4,10391.926717
11.867900,46.3074,4.0,4.0,6.0,16.6442,0.1,4,10777.775351
11.309300,49.303,4.0,4.0,2.60878,49.303,0.1,4,10579.66359
20.777100,49.303,4.0,4.0,6.0,49.303,0.1,4,10519.994098
19.918200,49.0893,4.0,4.0,6.0,46.2215,0.1,4,10453.762651
17.688700,46.2215,4.0,4.0,6.0,16.9977,0.1,4,10599.851562
15.489700,49.546,4.0,10.2094,6.0,23.4058,0.1,4,10742.542796
21.331300,46.3564,4.0,4.0,6.0,43.1993,0.1,4,10550.836382
21.331300,46.3564,4.0,4.0,6.0,43.1993,0.1,4,10412.024377
13.832900,34.585,4.0,10.2094,6.0,34.585,0.1,4,10907.462925
13.414300,35.0198,4.0,4.0,6.0,34.4382,0.1,4,10518.170281
12.655800,19.6455,4.0,4.0,6.0,19.6455,0.1,4,10276.894613
16.364200,46.8916,4.0,4.0,6.0,46.8916,0.1,4,10358.512291
23.209400,37.1101,4.0,4.0,6.0,37.1101,0.1,4,10906.680589
15.268200,44.5347,4.0,4.0,6.0,44.5347,0.1,4,10949.612576
16.159600,35.2515,4.0,4.0,6.0,35.2515,0.1,4,10686.670899
22.426900,45.0636,4.0,4.0,6.0,45.0636,0.1,4,10721.062015
16.571200,43.3556,4.0,4.0,6.0,43.3556,0.1,4,10754.368284
17.017300,34.6006,4.0,4.0,6.0,34.6006,0.1,4,11245.237155
23.314900,46.2138,4.0,4.0,6.0,46.2138,0.1,4,10744.365122
20.263300,35.2963,4.0,4.0,6.0,35.2963,0.1,4,10167.199888
20.606700,27.0936,4.0,4.0,6.0,27.0936,0.1,4,10499.749072
10.822600,37.416,4.0,4.0,6.0,37.416,0.1,4,10276.964133
21.331300,46.3564,4.0,4.0,6.0,43.1993,0.1,5,10470.050269
22.426900,45.0636,4.0,4.0,6.0,45.0636,0.1,5,10578.994386
24.132700,42.0328,4.0,4.0,6.0,37.9254,0.1,5,10484.791325
21.331300,46.3564,4.0,4.0,6.0,37.9254,0.1,5,10665.896689
12.655800,48.7183,4.0,4.0,6.0,43.1993,0.1,5,10181.992711
16.159600,35.2515,4.0,4.0,6.0,16.9977,0.1,5,10482.420116
17.688700,46.2215,4.0,4.0,6.0,35.2515,0.1,5,10873.333882
21.331300,44.5347,4.0,4.0,6.0,43.1993,0.1,5,10751.431725
15.268200,46.3564,4.0,10.2094,6.0,44.5347,0.1,5,10847.307391
12.655800,48.7183,4.0,4.0,6.0,43.1993,0.1,5,11153.185696
21.331300,46.3564,4.0,10.2094,6.0,37.9254,0.1,5,10689.215561
19.918200,49.0893,4.0,4.0,6.0,46.2215,0.1,5,10867.083197
13.414300,35.0198,4.0,4.0,6.0,6.4249,0.1,5,11040.813802
16.364200,46.8916,4.0,4.0,6.0,46.8916,0.1,5,10559.683827
21.331300,46.3564,4.0,4.0,6.0,43.1993,0.1,5,10862.926177
15.489700,46.2215,4.0,4.0,6.0,46.2215,0.1,5,10521.192372
17.688700,29.1238,4.0,4.0,3.89123,23.4058,0.1,5,10535.044645
16.159600,35.2515,4.0,4.0,6.0,35.2515,0.1,5,10397.104097
15.489700,29.1238,4.0,4.0,3.89123,23.4058,0.1,5,10748.926666
11.309300,49.303,4.0,4.0,6.0,34.6006,0.078947,5,10594.848885
17.017300,34.6006,4.0,4.0,6.0,34.4382,0.1,5,10468.724745
15.329500,46.3074,4.0,4.0,6.0,37.9254,0.1,5,10381.569608
15.329500,49.546,4.0,4.0,6.0,9.0232,0.1,5,10389.555198
13.832900,43.5747,4.0,10.2094,6.0,37.9254,0.1,5,10701.916128
12.655800,34.585,4.0,4.0,6.0,34.585,0.1,5,10553.097676
21.331300,46.2138,4.0,4.0,6.0,34.585,0.1,5,10882.350947
23.314900,46.3564,4.0,4.0,6.0,46.2138,0.1,5,10488.165882
16.159600,46.2138,4.0,4.0,6.0,35.2515,0.1,5,11021.398461
23.314900,35.2515,4.0,4.0,6.0,22.2827,0.1,5,10824.833501
13.414300,27.0936,4.0,4.0,6.0,10.1486,0.1,5,10729.387399
20.606700,35.0198,4.0,4.0,6.0,27.0936,0.1,5,10424.979697
15.329500,46.3074,4.0,4.0,6.0,37.9254,0.1,5,10445.538257
13.414300,35.0198,4.0,4.0,6.0,10.1486,0.1,5,10951.761411
21.331300,46.3564,4.0,10.2094,6.0,43.1993,0.1,5,10682.40718
21.331300,46.3564,4.0,10.2094,6.0,43.1993,0.1,5,10552.458706
23.209400,37.1101,4.0,4.0,6.0,37.1101,0.1,5,10417.459666
24.132700,42.0328,4.0,4.0,6.0,37.9254,0.1,5,10781.962172
13.832900,34.585,4.0,10.2094,6.0,34.585,0.1,5,10623.074546
13.832900,34.585,4.0,10.2094,6.0,34.585,0.1,5,10300.264814
12.585400,44.1788,4.0,4.0,6.0,44.1788,0.1,5,10736.643081
15.916800,34.6244,4.0,4.0,6.0,34.6244,0.1,5,10748.294727
16.479300,42.0305,4.0,4.0,6.0,42.0305,0.1,5,10323.10306
23.250100,23.7105,4.0,4.0,6.0,23.7105,0.1,5,10348.873196
13.584100,43.1289,4.0,4.0,6.0,43.1289,0.1,5,10547.561803
19.768500,19.2317,4.0,4.0,6.0,19.2317,0.1,5,10538.112585
22.786500,43.812,4.0,4.0,6.0,43.812,0.1,5,10360.076395
16.031900,33.5745,4.0,4.0,6.0,33.5745,0.1,5,10860.045926
14.538800,33.6328,4.0,4.0,6.0,33.6328,0.1,5,10737.543168
10.460200,36.5643,4.0,4.0,6.0,36.5643,0.1,5,10400.184182
14.980900,45.3039,4.0,4.0,6.0,45.3039,0.1,5,10803.365913
15.489700,29.1238,4.0,4.0,3.89123,23.4058,0.1,6,10461.669328
15.916800,34.6244,4.0,4.0,6.0,34.6244,0.1,6,10801.932608
13.832900,34.585,4.0,10.2094,6.0,34.585,0.1,6,10538.842032
21.331300,46.3564,4.0,4.0,6.0,33.6328,0.1,6,10426.547365
14.538800,33.6328,4.0,10.2094,6.0,21.2286,0.1,6,10824.234492
21.331300,46.3564,4.0,4.0,6.0,43.1993,0.1,6,10726.848493
21.331300,46.3564,4.0,4.0,6.0,37.9254,0.1,6,10659.235026
14.538800,33.6328,4.0,4.0,3.89123,33.6328,0.1,6,10542.741078
15.489700,29.1238,4.0,4.0,6.0,23.4058,0.1,6,10474.56662
13.414300,44.5347,4.0,4.0,6.0,6.4249,0.1,6,10670.108448
21.331300,35.0198,4.0,4.0,6.0,31.5246,0.1,6,10768.417227
15.489700,49.303,4.0,4.0,6.0,34.6006,0.1,6,10628.888925
11.309300,46.2215,4.0,4.0,6.0,46.2215,0.078947,6,10636.070038
17.017300,46.3564,4.0,10.2094,6.0,44.5347,0.1,6,10690.958155
15.268200,34.6006,4.0,4.0,6.0,34.4382,0.1,6,10887.570556
10.460200,44.5347,4.0,4.0,6.0,43.1993,0.1,6,10544.727091
21.331300,36.5643,4.0,4.0,6.0,36.5643,0.1,6,10733.069074
13.832900,34.585,4.0,4.0,6.0,34.585,0.1,6,10493.889041
17.688700,46.2215,4.0,10.2094,6.0,35.2515,0.1,6,10485.213327
23.209400,37.1101,4.0,4.0,6.0,37.1101,0.1,6,10563.553048
13.414300,35.0198,4.0,4.0,6.0,10.1486,0.1,6,10799.722998
15.489700,46.2215,4.0,4.0,6.0,46.2215,0.1,6,10752.286513
13.832900,34.585,4.0,10.2094,6.0,34.585,0.1,6,10465.03982
24.132700,42.0328,4.0,4.0,6.0,37.9254,0.1,6,10361.377443
15.489700,46.2215,4.0,4.0,6.0,46.2215,0.1,6,10872.845308
17.688700,44.5347,4.0,4.0,6.0,35.2515,0.1,6,10826.982136
21.331300,46.2215,4.0,4.0,6.0,43.1993,0.1,6,10232.614449
21.331300,46.3564,4.0,10.2094,6.0,37.9254,0.1,6,10756.468995
21.331300,46.3564,4.0,10.2094,6.0,43.1993,0.1,6,10792.908216
12.655800,34.585,4.0,4.0,6.0,33.6328,0.1,6,10664.618895
14.538800,40.9087,4.0,4.0,6.0,34.585,0.1,6,10829.768148
15.489700,29.1238,4.0,4.0,6.0,23.4058,0.1,6,10915.692658
23.314900,35.2515,4.0,4.0,3.89123,22.2827,0.1,6,10463.362734
21.331300,46.3564,4.0,10.2094,6.0,37.9254,0.1,6,10567.756116
21.331300,46.3564,4.0,10.2094,6.0,43.1993,0.1,6,10607.64846
14.538800,33.6328,4.0,4.0,6.0,33.6328,0.1,6,10554.031654
23.209400,37.1101,4.0,4.0,6.0,37.1101,0.1,6,10457.246826
21.331300,46.3564,4.0,10.2094,6.0,43.1993,0.1,6,10492.591957
17.017300,34.6006,4.0,4.0,6.0,34.4382,0.1,6,10505.533571
10.355200,48.2165,4.0,4.0,6.0,48.2165,0.1,6,10511.329101
15.000400,42.3153,4.0,4.0,6.0,42.3153,0.1,6,10492.856405
14.136300,34.2339,4.0,4.0,6.0,34.2339,0.1,6,10907.189314
10.969100,45.1366,4.0,4.0,6.0,45.1366,0.1,6,10763.586689
16.049900,40.0821,4.0,4.0,6.0,40.0821,0.1,6,10461.593273
17.227000,36.5172,4.0,4.0,6.0,36.5172,0.1,6,10664.050725
13.559000,38.5923,4.0,4.0,6.0,38.5923,0.1,6,10727.121722
24.468000,47.6685,4.0,4.0,6.0,47.6685,0.1,6,10545.689479
18.280900,29.1888,4.0,4.0,6.0,29.1888,0.1,6,10891.15937
13.602000,46.4709,4.0,4.0,6.0,46.4709,0.1,6,10518.381816
10.602800,27.1301,4.0,4.0,6.0,27.1301,0.1,6,10707.935122
17.688700,44.5347,4.0,4.0,6.0,35.2515,0.1,7,10397.704279
21.331300,46.2215,4.0,4.0,6.0,43.1993,0.1,7,10474.112328
15.000400,42.3153,4.0,4.0,6.0,42.3153,0.1,7,10881.631756
21.331300,36.5643,4.0,10.2094,6.0,36.5643,0.1,7,10958.907265
21.331300,46.3564,4.0,4.0,6.0,37.9254,0.1,7,10949.331515
15.489700,33.6328,4.0,4.0,6.0,33.6328,0.1,7,10537.733639
14.538800,49.303,4.0,4.0,6.0,34.6006,0.1,7,11201.286478
15.916800,40.0821,4.0,4.0,6.0,34.6244,0.1,7,10436.735853
16.049900,34.6244,4.0,4.0,6.0,12.0368,0.1,7,10454.193039
15.489700,34.6244,4.0,4.0,6.0,23.4058,0.1,7,10533.085414
15.916800,40.4555,4.0,4.0,6.0,34.6244,0.1,7,10906.841555
10.460200,44.5347,4.0,4.0,6.0,33.6328,0.1,7,10514.28241
14.538800,33.6328,4.0,4.0,6.0,22.8384,0.1,7,10420.927889
15.489700,46.2215,4.0,4.0,6.0,46.2215,0.1,7,10798.179113
10.969100,45.1366,4.0,4.0,6.0,45.1366,0.1,7,10730.696216
17.688700,44.5347,4.0,4.0,6.0,35.2515,0.1,7,10599.731211
15.489700,49.303,4.0,4.0,6.0,34.6006,0.1,7,10646.831327
23.314900,35.2515,4.0,4.0,3.89123,22.2827,0.1,7,10667.45891
12.655800,34.585,4.0,4.0,6.0,33.6328,0.1,7,10452.855461
21.331300,46.2215,4.0,4.0,6.0,43.1993,0.1,7,10660.995985
21.331300,46.2215,4.0,4.0,6.0,43.1993,0.1,7,10318.494692
12.655800,46.3564,4.0,4.0,6.0,44.5347,0.1,7,10738.053942
17.017300,34.585,4.0,10.2094,6.0,33.6328,0.1,7,10761.602297
11.309300,37.1101,4.0,4.0,6.0,37.1101,0.078947,7,10802.587495
23.209400,46.2215,4.0,4.0,6.0,46.2215,0.1,7,10499.915229
24.468000,47.6685,4.0,4.0,6.0,47.6685,0.1,7,10683.354945
13.602000,46.4709,4.0,13.7715,6.0,46.4709,0.1,7,10324.350114
24.468000,46.3564,4.0,4.0,6.0,37.9254,0.1,7,10242.021109
21.331300,47.6685,4.0,4.0,6.0,47.6685,0.1,7,10615.181041
21.331300,46.3564,4.0,4.0,6.0,38.5923,0.1,7,10646.69657
13.559000,38.5923,4.0,10.2094,6.0,29.1954,0.1,7,10778.509442
13.832900,46.3564,4.0,10.2094,6.0,34.585,0.1,7,10645.30742
17.017300,34.585,4.0,4.0,6.0,9.3385,0.1,7,10713.812244
23.314900,35.2515,4.0,4.0,3.89123,22.2827,0.1,7,10311.159745
14.538800,40.9087,4.0,4.0,6.0,34.585,0.1,7,10786.959802
13.602000,44.5347,4.0,4.0,6.0,35.2515,0.1,7,10858.666721
17.688700,46.4709,4.0,4.0,6.0,46.4709,0.1,7,10829.511352
10.969100,45.1366,4.0,4.0,6.0,35.2515,0.1,7,10874.384632
17.688700,44.5347,4.0,4.0,6.0,22.3061,0.1,7,10789.974218
24.392500,22.0012,4.0,4.0,6.0,22.0012,0.1,7,10644.214362
14.205600,18.1003,4.0,4.0,6.0,18.1003,0.1,7,10783.491698
20.122500,47.0617,4.0,4.0,6.0,47.0617,0.1,7,10496.195766
12.237300,41.4473,4.0,4.0,6.0,41.4473,0.1,7,10837.370305
16.954600,25.3554,4.0,4.0,6.0,25.3554,0.1,7,10499.316395
15.771400,37.3763,4.0,4.0,6.0,37.3763,0.1,7,10442.65708
22.404500,41.5556,4.0,4.0,6.0,41.5556,0.1,7,10543.249283
19.814800,17.7135,4.0,4.0,6.0,17.7135,0.1,7,10604.465703
18.627600,47.1536,4.0,4.0,6.0,47.1536,0.1,7,10435.531362
12.848700,44.3711,4.0,4.0,6.0,44.3711,0.1,7,11024.118894
10.785800,30.6696,4.0,4.0,6.0,30.6696,0.1,7,10282.435464
12.655800,34.585,4.0,4.0,6.0,33.6328,0.1,8,10574.579195
21.331300,46.3564,4.0,4.0,6.0,37.9254,0.1,8,10858.403321
13.832900,46.3564,4.0,10.2094,6.0,34.585,0.1,8,10809.580159
16.954600,34.585,4.0,10.2094,6.0,33.6328,0.1,8,10588.743593
17.017300,25.3554,4.0,4.0,6.0,25.3554,0.1,8,10816.339725
17.688700,44.3711,4.0,4.0,6.0,22.3061,0.1,8,10767.300657
12.848700,44.5347,4.0,4.0,6.0,44.3711,0.1,8,10521.85672
24.468000,46.3564,4.0,4.0,6.0,37.9254,0.1,8,10476.105798
24.392500,22.0012,4.0,4.0,6.0,22.0012,0.1,8,10402.972444
11.309300,37.1101,4.0,4.0,3.89123,37.1101,0.078947,8,10846.733571
23.314900,35.2515,4.0,4.0,6.0,22.2827,0.1,8,10911.391223
17.688700,45.1366,4.0,4.0,6.0,45.1366,0.1,8,10540.120755
10.969100,44.5347,4.0,4.0,6.0,35.2515,0.1,8,10763.903162
11.309300,37.1101,4.0,4.0,6.0,34.6244,0.1,8,10546.325383
15.916800,40.4555,4.0,4.0,6.0,37.1101,0.078947,8,10716.757533
10.785800,44.5347,4.0,4.0,6.0,22.3061,0.1,8,10545.714718
17.688700,30.6696,4.0,4.0,6.0,30.6696,0.1,8,10692.414741
21.331300,49.303,4.0,10.2094,6.0,36.5643,0.1,8,10477.733524
14.538800,36.5643,4.0,4.0,6.0,34.6006,0.1,8,10697.65685
10.785800,30.6696,4.0,4.0,6.0,17.7135,0.1,8,10430.068073
19.814800,39.1134,4.0,4.0,6.0,30.6696,0.1,8,10626.957098
13.602000,37.1101,4.0,13.7715,6.0,37.1101,0.078947,8,10568.562962
11.309300,46.4709,4.0,4.0,6.0,46.4709,0.1,8,10535.769019
24.392500,44.5347,4.0,4.0,6.0,22.0012,0.1,8,10296.501238
17.688700,22.0012,4.0,4.0,6.0,21.7826,0.1,8,10779.391525
10.785800,46.2215,4.0,4.0,6.0,43.1993,0.1,8,11117.318215
21.331300,30.6696,4.0,4.0,6.0,30.6696,0.1,8,10531.523858
17.017300,34.585,4.0,4.0,6.0,22.0012,0.1,8,10639.90453
24.392500,47.8418,4.0,10.2094,6.0,33.6328,0.1,8,10455.156566
13.832900,44.5347,4.0,4.0,6.0,35.2515,0.1,8,10829.933189
13.602000,46.3564,4.0,10.2094,6.0,34.585,0.1,8,11087.470378
15.489700,33.6328,4.0,4.0,6.0,30.6696,0.1,8,10684.98279
10.785800,30.6696,4.0,4.0,6.0,20.7612,0.1,8,10682.202171
15.916800,25.3554,4.0,4.0,6.0,25.3554,0.1,8,10809.219275
16.954600,40.0821,4.0,4.0,6.0,34.6244,0.1,8,10640.516617
20.122500,47.0617,4.0,4.0,6.0,47.0617,0.1,8,10587.848452
21.331300,46.3564,4.0,4.45891,6.0,37.9254,0.1,8,10660.169991
24.392500,46.3564,4.0,4.0,6.0,22.0012,0.1,8,10305.721828
21.331300,22.0012,4.0,4.0,6.0,18.2004,0.1,8,10720.21942
13.632600,18.8558,4.0,4.0,6.0,18.8558,0.1,8,10783.501201
19.001400,40.9468,4.0,4.0,6.0,40.9468,0.1,8,10502.32275
11.035100,42.498,4.0,4.0,6.0,42.498,0.1,8,10855.083943
15.250300,39.659,4.0,4.0,6.0,39.659,0.1,8,10736.842033
20.948900,46.6944,4.0,4.0,6.0,46.6944,0.1,8,10674.972837
11.734500,27.7894,4.0,4.0,6.0,27.7894,0.1,8,10849.167706
16.116000,42.8391,4.0,4.0,6.0,42.8391,0.1,8,10424.807337
21.416100,26.0665,4.0,4.0,6.0,26.0665,0.1,8,11046.940516
21.873500,42.2632,4.0,4.0,6.0,42.2632,0.1,8,10433.118636
15.195000,41.6883,4.0,4.0,6.0,41.6883,0.1,8,10693.763589
21.530800,46.4568,4.0,4.0,6.0,46.4568,0.1,8,10765.194296
13.602000,48.3475,4.0,13.7715,6.0,46.4709,0.1,9,10563.551887
22.795500,45.7236,4.0,4.0,6.0,45.7236,0.1,9,10573.219252
22.958800,47.8662,4.0,4.0,6.0,47.8662,0.1,9,10657.307759
15.928700,48.0087,4.0,4.0,6.0,48.0087,0.1,9,10476.240772
14.538800,33.6328,4.0,4.0,6.0,24.6982,0.1,9,10667.088618
14.205600,48.2207,4.0,4.0,6.0,35.2515,0.1,9,10399.478086
16.687000,34.5638,4.0,4.0,6.0,34.5638,0.1,9,10538.624042
13.328000,44.5347,4.0,4.0,6.0,34.585,0.1,9,10642.062463
10.460200,48.3633,4.0,4.0,6.0,48.3633,0.1,9,10620.588991
19.814800,38.5923,4.0,10.2094,6.0,17.7135,0.1,9,10597.614281
13.559000,42.4453,4.0,4.0,6.0,29.1954,0.1,9,10775.797727
17.688700,33.6328,4.0,4.0,6.0,6.15206,0.1,9,10491.828735
22.795500,45.7236,4.0,4.0,6.0,45.7236,0.1,9,10330.574847
17.017300,46.4709,4.0,4.0,6.0,9.3385,0.1,9,10603.866213
22.795500,45.7236,4.0,4.0,6.0,45.7236,0.1,9,10755.731781
14.538800,44.2772,4.0,4.0,6.0,44.2772,0.1,9,11197.879863
19.305800,33.6328,4.0,4.0,6.0,24.6982,0.1,9,10754.791681
13.328000,41.5556,4.0,4.0,6.0,41.5556,0.1,9,10889.544346
22.404500,48.3633,4.0,4.0,6.0,48.3633,0.1,9,10629.409862
11.309300,37.1101,4.0,4.0,6.0,37.1101,0.1,9,10746.319718
19.814800,17.7135,4.0,4.0,6.0,17.7135,0.078947,9,10867.97935
11.683200,48.4876,4.0,4.0,3.89123,48.4876,0.1,9,10283.453878
13.559000,35.2515,4.0,4.0,6.0,29.1954,0.1,9,10555.724878
17.017300,48.3475,4.0,13.7715,6.0,46.4709,0.1,9,10563.323817
13.602000,46.4709,4.0,4.0,6.0,9.3385,0.1,9,10725.839168
13.559000,35.2515,4.0,4.0,6.0,29.1954,0.1,9,10349.879845
18.627600,47.1536,4.0,4.0,3.89123,47.1536,0.1,9,10616.820536
13.559000,45.0099,4.0,4.0,3.89123,29.1954,0.1,9,10850.284211
20.108200,35.2515,4.0,4.0,6.0,23.8536,0.1,9,10627.920484
22.404500,48.2207,4.0,4.0,6.0,35.2515,0.1,9,10673.196463
14.205600,41.5556,4.0,4.0,6.0,41.5556,0.1,9,10650.776399
21.331300,47.6685,4.0,4.0,6.0,47.6685,0.1,9,10917.932724
13.559000,38.5923,4.0,4.0,6.0,17.7135,0.1,9,10309.773679
24.468000,47.6685,4.0,4.0,6.0,46.2215,0.1,9,10671.967072
15.928700,48.0087,4.0,4.0,6.0,48.0087,0.1,9,10778.71806
15.261200,45.7236,4.0,4.0,6.0,45.7236,0.1,9,10430.033914
22.795500,48.231,4.0,4.0,6.0,48.231,0.1,9,10728.273663
22.404500,41.5556,4.0,4.0,6.0,6.15206,0.1,9,10809.620183
17.688700,33.6328,4.0,4.0,6.0,6.19792,0.1,9,10623.337012
10.031100,44.7457,4.0,4.0,6.0,44.7457,0.1,9,10441.732528
19.897400,36.7843,4.0,4.0,6.0,36.7843,0.1,9,10745.443793
16.638900,37.9254,4.0,4.0,6.0,37.9254,0.1,9,10541.131086
18.378500,42.1263,4.0,4.0,6.0,42.1263,0.1,9,10565.489062
12.101600,40.1146,4.0,4.0,6.0,40.1146,0.1,9,10862.27213
19.405700,42.8219,4.0,4.0,6.0,42.8219,0.1,9,10605.544393
18.205000,27.1203,4.0,4.0,6.0,27.1203,0.1,9,10672.13285
19.818800,33.8049,4.0,4.0,6.0,33.8049,0.1,9,10578.710203
10.632600,43.4357,4.0,4.0,6.0,43.4357,0.1,9,10848.563405
20.137400,34.425,4.0,4.0,6.0,34.425,0.1,9,10303.56973
16.202600,41.3357,4.0,4.0,6.0,41.3357,0.1,9,10377.716416
14.205600,48.2207,4.0,4.0,6.0,35.2515,0.1,10,10201.348957
22.958800,48.3633,4.0,4.0,6.0,47.8662,0.1,10,10774.025236
19.405700,33.6328,4.0,4.0,6.0,6.19792,0.1,10,10566.386069
14.205600,48.2207,4.0,4.0,6.0,35.2515,0.1,10,10609.683623
14.205600,48.2207,4.0,4.0,6.0,35.2515,0.1,10,11126.037703
14.205600,48.2207,4.0,4.0,6.0,35.2515,0.1,10,10638.245736
14.205600,48.2207,4.0,4.0,6.0,35.2515,0.1,10,10879.61361
14.205600,48.2207,4.0,4.0,6.0,35.2515,0.1,10,10596.789006
14.205600,48.2207,4.0,4.0,6.0,35.2515,0.1,10,10547.733525
18.205000,41.3357,4.0,4.0,6.0,35.2515,0.1,10,10649.277054
14.205600,48.2207,4.0,4.0,6.0,27.1203,0.1,10,10772.958966
13.602000,46.4709,4.0,4.0,6.0,9.3385,0.1,10,10721.008502
13.602000,46.4709,4.0,4.0,6.0,9.3385,0.1,10,10161.5945
13.559000,38.5923,4.0,4.0,6.0,17.7135,0.1,10,10852.933162
19.405700,33.6328,4.0,4.0,6.0,6.19792,0.1,10,10532.198448
19.897400,48.231,4.0,4.0,6.0,36.7843,0.1,10,10576.257397
19.897400,48.231,4.0,4.0,6.0,36.7843,0.1,10,10645.093361
10.632600,48.3633,4.0,4.0,6.0,47.8662,0.1,10,10341.245897
22.958800,43.4357,4.0,4.0,6.0,43.4357,0.1,10,10872.413997
10.632600,48.3633,4.0,4.0,6.0,47.8662,0.1,10,10604.384871
22.958800,43.4357,4.0,4.0,6.0,43.4357,0.1,10,10433.620067
22.109200,48.2903,4.0,4.0,6.0,48.2903,0.1,10,10765.883203
22.404500,48.2207,4.0,4.0,6.0,35.2515,0.1,10,10403.979238
14.538800,44.2772,4.0,4.0,6.0,17.7135,0.1,10,10540.513688
13.559000,38.5923,4.0,4.0,6.0,25.8173,0.1,10,10760.403417
19.305800,47.8662,4.0,4.0,6.0,24.6982,0.1,10,10834.784454
22.404500,33.8049,4.0,4.0,6.0,25.4633,0.1,10,10337.376899
19.897400,45.7236,4.0,4.0,6.0,36.7843,0.1,10,10528.445188
22.795500,48.231,4.0,4.0,6.0,45.7236,0.1,10,10654.975473
22.404500,48.3633,4.0,4.0,6.0,47.8662,0.1,10,10563.139287
22.958800,48.3633,4.0,4.0,6.0,29.1954,0.1,10,10615.091495
13.559000,38.5923,4.0,4.0,3.89123,17.7135,0.1,10,10777.740685
13.559000,38.5923,4.0,4.0,6.0,17.7135,0.1,10,10797.374003
13.559000,42.1263,4.0,4.0,3.89123,29.1954,0.1,10,10655.254844
18.378500,38.5923,4.0,4.0,3.89123,11.3035,0.1,10,10579.422002
19.897400,48.231,4.0,4.0,6.0,42.1272,0.1,10,10999.583929
22.404500,47.8662,4.0,4.0,6.0,36.7843,0.1,10,10710.997007
15.261200,33.6328,4.0,4.0,6.0,29.1954,0.1,10,10481.754673
13.559000,38.5923,4.0,4.0,3.89123,25.8652,0.1,10,10864.559705
10.984100,37.7335,4.0,4.0,6.0,37.7335,0.1,10,10541.237266
10.885900,36.0235,4.0,4.0,6.0,36.0235,0.1,10,10879.368555
13.738300,34.1106,4.0,4.0,6.0,34.1106,0.1,10,10729.212902
21.096900,40.4161,4.0,4.0,6.0,40.4161,0.1,10,10650.605066
22.779300,42.0837,4.0,4.0,6.0,42.0837,0.1,10,10646.957576
10.770200,47.8798,4.0,4.0,6.0,47.8798,0.1,10,10296.675866
21.953600,33.0214,4.0,4.0,6.0,33.0214,0.1,10,10547.28147
11.603700,47.3552,4.0,4.0,6.0,47.3552,0.1,10,10855.591122
23.079900,31.825,4.0,4.0,6.0,31.825,0.1,10,10540.595088
10.246200,42.1807,4.0,4.0,6.0,42.1807,0.1,10,10536.209682
22.144800,44.9087,4.0,4.0,6.0,44.9087,0.1,10,10690.358673
15.928700,33.6328,4.0,4.0,6.0,20.1495,0.1,11,10649.709511
19.305800,48.0087,4.0,4.0,6.0,24.6982,0.1,11,10646.546298
15.928700,42.8219,4.0,4.0,6.0,42.8219,0.1,11,10729.785604
19.405700,48.0087,4.0,4.0,6.0,24.6982,0.1,11,10698.439175
19.305800,35.2515,4.0,4.0,6.0,30.607,0.1,11,10642.569864
15.928700,23.7259,4.0,4.0,6.0,23.7259,0.1,11,10473.146825
19.124200,48.0087,4.0,4.0,6.0,48.0087,0.1,11,10371.780887
15.928700,42.8219,4.0,4.0,6.0,42.8219,0.1,11,10689.799936
19.405700,48.0087,4.0,4.0,6.0,48.0087,0.1,11,10638.389505
17.551700,33.6328,4.0,4.0,6.0,20.1495,0.1,11,10374.020154
15.928700,27.6611,4.0,4.0,6.0,27.6611,0.1,11,10792.148218
19.405700,42.8219,4.0,4.0,6.0,42.8219,0.1,11,10726.655513
13.559000,36.7843,4.0,4.0,6.0,29.1954,0.1,11,10648.559926
22.404500,35.2515,4.0,4.0,6.0,6.15206,0.1,11,10504.996081
19.405700,41.5556,4.0,4.0,6.0,30.607,0.1,11,10663.755848
19.405700,48.0087,4.0,4.0,6.0,48.0087,0.1,11,10547.244201
22.958800,47.8662,4.0,4.0,6.0,47.8662,0.1,11,10896.36519
22.404500,48.0087,4.0,4.0,6.0,48.0087,0.1,11,10385.014914
15.928700,41.5556,4.0,4.0,6.0,6.15206,0.1,11,10739.372997
22.404500,42.1263,4.0,4.0,6.0,6.15206,0.1,11,10529.032623
18.378500,41.5556,4.0,4.0,6.0,40.7658,0.1,11,10741.784974
15.928700,48.0087,4.0,4.0,6.0,48.0087,0.1,11,10842.181064
16.638900,37.9254,4.0,4.0,6.0,29.1954,0.1,11,10596.709182
10.460200,38.5923,4.0,4.0,6.0,37.7329,0.1,11,10712.139517
17.688700,33.6328,4.0,4.0,6.0,6.15206,0.1,11,10525.802039
15.928700,48.0087,4.0,4.0,6.0,48.0087,0.1,11,10293.001354
19.405700,42.8219,4.0,4.0,6.0,42.8219,0.1,11,11008.654404
15.731300,45.7236,4.0,4.0,6.0,39.7316,0.1,11,10861.024964
22.795500,49.511,4.0,4.0,6.0,45.7236,0.1,11,10480.508879
15.928700,33.2608,4.0,4.0,6.0,33.2608,0.1,11,10846.406133
19.734000,48.0087,4.0,4.0,6.0,48.0087,0.1,11,10483.541752
14.775300,33.2608,4.0,4.0,6.0,33.2608,0.1,11,10582.217597
19.734000,31.3354,4.0,4.0,6.0,31.3354,0.1,11,10515.808252
24.511300,48.2207,4.0,4.0,6.0,28.7659,0.1,11,10855.713951
22.404500,49.3511,4.0,4.0,6.0,35.2515,0.1,11,10485.870372
15.928700,47.1536,4.0,4.0,3.89123,47.1536,0.1,11,10913.164383
18.627600,33.6328,4.0,4.0,6.0,20.1495,0.1,11,10573.128155
13.559000,33.6328,4.0,4.0,6.0,6.15206,0.1,11,11008.524271
17.688700,38.5923,4.0,4.0,6.0,21.8704,0.1,11,10553.69041
20.432200,45.3379,4.0,4.0,6.0,45.3379,0.1,11,10401.438606
14.214200,44.0868,4.0,4.0,6.0,44.0868,0.1,11,10779.361632
21.712700,36.9361,4.0,4.0,6.0,36.9361,0.1,11,10640.769731
17.270800,39.0419,4.0,4.0,6.0,39.0419,0.1,11,10553.305703
18.761200,37.2648,4.0,4.0,6.0,37.2648,0.1,11,10404.073983
12.396800,30.7342,4.0,4.0,6.0,30.7342,0.1,11,10777.360676
17.964800,22.2696,4.0,4.0,6.0,22.2696,0.1,11,10678.580382
11.695200,28.5202,4.0,4.0,6.0,28.5202,0.1,11,11049.920385
14.639000,44.7857,4.0,4.0,6.0,44.7857,0.1,11,11066.089132
23.965300,37.4035,4.0,4.0,6.0,37.4035,0.1,11,10738.920967
12.164600,25.5212,4.0,4.0,6.0,25.5212,0.1,11,10751.04524
18.378500,41.5556,4.0,4.0,6.0,40.7658,0.1,12,10630.419463
22.404500,42.1263,4.0,4.0,6.0,6.15206,0.1,12,10583.075695
15.731300,45.7236,4.0,4.0,6.0,39.7316,0.1,12,10684.603504
17.688700,38.5923,4.0,4.0,6.0,21.8704,0.1,12,10081.956544
12.396800,30.7342,4.0,4.0,6.0,30.7342,0.1,12,11027.875692
12.396800,42.8219,4.0,4.0,6.0,42.8219,0.1,12,10631.114115
15.928700,30.7342,4.0,4.0,6.0,30.7342,0.1,12,10939.419911
23.965300,33.2608,4.0,4.0,6.0,33.2608,0.1,12,10598.47749
14.775300,37.4035,4.0,4.0,6.0,37.4035,0.1,12,10378.917534
17.688700,33.6328,4.0,4.0,6.0,20.1495,0.1,12,10799.679325
18.627600,38.5923,4.0,4.0,6.0,21.8704,0.1,12,10543.763042
18.761200,48.0087,4.0,4.0,6.0,48.0087,0.1,12,10855.875828
22.404500,37.2648,4.0,4.0,6.0,37.2648,0.1,12,10515.286904
15.928700,48.0087,4.0,4.0,6.0,48.0087,0.1,12,10618.411086
17.551700,33.6328,4.0,4.0,6.0,20.1495,0.1,12,10634.095453
19.734000,33.6328,4.0,4.0,6.0,20.1495,0.1,12,10595.989556
17.551700,31.3354,4.0,4.0,6.0,31.3354,0.1,12,10941.219244
19.405700,49.3511,4.0,4.0,6.0,30.607,0.1,12,10809.935007
22.404500,41.5556,4.0,4.0,6.0,35.2515,0.1,12,10598.19151
23.965300,37.4035,4.0,4.0,6.0,37.4035,0.1,12,10737.652367
19.734000,31.3354,4.0,4.0,6.0,31.3354,0.1,12,10870.813489
15.928700,48.0087,4.0,4.0,6.0,47.1536,0.1,12,10848.682142
19.305800,47.1536,4.0,4.0,6.0,24.6982,0.1,12,10730.15727
19.305800,42.8219,4.0,4.0,6.0,30.607,0.1,12,11030.626626
19.405700,35.2515,4.0,4.0,6.0,10.1081,0.1,12,10570.96617
21.712700,25.5212,4.0,4.0,6.0,25.5212,0.1,12,10397.401838
12.164600,36.9361,4.0,4.0,6.0,36.9361,0.1,12,10766.747744
22.795500,49.511,4.0,4.0,6.0,37.4035,0.1,12,10313.799421
23.965300,37.4035,4.0,4.0,6.0,8.37778,0.1,12,10665.020375
19.305800,49.3511,4.0,4.0,6.0,35.2515,0.1,12,10711.453822
22.404500,35.2515,4.0,4.0,6.0,30.607,0.1,12,10687.917724
22.404500,48.0087,4.0,4.0,6.0,48.0087,0.1,12,10638.22173
22.404500,48.0087,4.0,4.0,6.0,48.0087,0.1,12,10550.523227
19.405700,44.7857,4.0,4.0,6.0,24.6982,0.1,12,10789.797293
14.639000,48.0087,4.0,4.0,6.0,44.7857,0.1,12,10404.542146
22.404500,42.1263,4.0,4.0,6.0,6.15206,0.1,12,10702.291279
19.734000,31.3354,4.0,4.0,6.0,31.3354,0.1,12,10534.00454
15.731300,45.7236,4.0,4.0,6.0,39.7316,0.1,12,10674.297632
22.404500,49.3511,4.0,4.0,6.0,35.2515,0.1,12,10710.074772
15.277900,37.2859,4.0,4.0,6.0,37.2859,0.1,12,10521.755265
14.322600,23.6892,4.0,4.0,6.0,23.6892,0.1,12,10566.37358
13.311600,31.2702,4.0,4.0,6.0,31.2702,0.1,12,10638.05487
18.800300,28.0871,4.0,4.0,6.0,28.0871,0.1,12,10551.371207
14.687900,33.3131,4.0,4.0,6.0,33.3131,0.1,12,10884.928637
23.042600,41.6145,4.0,4.0,6.0,41.6145,0.1,12,10609.843241
19.952600,33.6649,4.0,4.0,6.0,33.6649,0.1,12,10709.430392
10.477200,39.3179,4.0,4.0,6.0,39.3179,0.1,12,10663.145776
24.438600,48.4623,4.0,4.0,6.0,48.4623,0.1,12,10935.134244
24.413400,38.5287,4.0,4.0,6.0,38.5287,0.1,12,10792.632376
23.733300,37.467,4.0,4.0,6.0,37.467,0.1,12,10797.989692
15.928700,48.0087,4.0,4.0,6.0,48.0087,0.1,13,10651.596956
10.477200,39.3179,4.0,4.0,6.0,39.3179,0.1,13,10923.553873
19.305800,49.3511,4.0,4.0,6.0,35.2515,0.1,13,10474.148768
15.731300,42.1263,4.0,4.0,6.0,6.15206,0.1,13,10388.47113
22.404500,45.7236,4.0,4.0,6.0,39.7316,0.1,13,10448.201695
18.627600,38.5923,4.0,4.0,6.0,21.8704,0.1,13,10597.264474
14.775300,37.4035,4.0,4.0,6.0,37.4035,0.1,13,10551.894894
23.965300,48.0087,4.0,4.0,6.0,44.7857,0.1,13,10392.406819
14.639000,33.2608,4.0,4.0,6.0,33.2608,0.1,13,10553.302821
15.928700,28.0871,4.0,4.0,6.0,28.0871,0.1,13,10662.204821
18.800300,48.0087,4.0,4.0,6.0,47.1536,0.1,13,10684.502498
19.305800,42.8219,4.0,4.0,6.0,30.607,0.1,13,10526.774453
19.305800,42.8219,4.0,4.0,6.0,30.607,0.1,13,10692.486488
17.551700,33.6328,4.0,4.0,6.0,20.1495,0.1,13,10803.630529
19.305800,47.1536,4.0,4.0,6.0,24.6982,0.1,13,10204.330533
15.928700,48.0087,4.0,4.0,6.0,25.5212,0.1,13,10580.696569
21.712700,25.5212,4.0,4.0,6.0,25.4019,0.1,13,10632.426506
19.405700,49.3511,4.0,4.0,6.0,30.607,0.1,13,10265.264025
19.734000,33.6328,4.0,4.0,6.0,20.1495,0.1,13,10861.391433
23.965300,33.2608,4.0,4.0,6.0,20.1495,0.1,13,10554.083516
17.551700,33.6328,4.0,4.0,6.0,33.2608,0.1,13,10736.015479
14.775300,41.6145,4.0,4.0,6.0,41.6145,0.1,13,10403.890031
23.042600,37.4035,4.0,4.0,6.0,37.4035,0.1,13,10708.498086
15.277900,37.2859,4.0,4.0,6.0,37.2859,0.1,13,10282.270577
19.405700,35.2515,4.0,4.0,6.0,10.1081,0.1,13,10404.191214
19.952600,38.5287,4.0,4.0,6.0,38.5287,0.1,13,10481.416517
24.413400,33.6649,4.0,4.0,6.0,33.6649,0.1,13,10651.833349
22.404500,37.467,4.0,4.0,6.0,37.467,0.1,13,10925.966942
23.733300,35.2515,4.0,4.0,6.0,30.607,0.1,13,10772.681024
15.928700,49.511,4.0,4.0,6.0,47.1536,0.1,13,10701.664091
22.795500,48.0087,4.0,4.0,6.0,37.4035,0.1,13,10882.037685
19.305800,49.3511,4.0,4.0,6.0,35.2515,0.1,13,10803.856386
19.305800,47.1536,4.0,4.0,6.0,24.6982,0.1,13,10864.648379
22.795500,49.511,4.0,4.0,6.0,37.4035,0.1,13,10729.944675
22.795500,49.511,4.0,4.0,6.0,37.4035,0.1,13,10590.210953
24.438600,33.6649,4.0,4.0,6.0,33.6649,0.1,13,10507.20445
19.952600,48.4623,4.0,4.0,6.0,48.4623,0.1,13,10517.637194
12.396800,48.0087,4.0,4.0,6.0,48.0087,0.1,13,10785.317911
22.404500,42.8219,4.0,4.0,6.0,42.8219,0.1,13,10566.855548
23.796800,42.2204,4.0,4.0,6.0,42.2204,0.1,13,10683.298497
20.339400,49.1388,4.0,4.0,6.0,49.1388,0.1,13,10625.283448
12.642400,37.1533,4.0,4.0,6.0,37.1533,0.1,13,10264.548215
10.801100,34.2713,4.0,4.0,6.0,34.2713,0.1,13,10570.850922
20.682700,35.8922,4.0,4.0,6.0,35.8922,0.1,13,10643.465449
14.033700,34.3217,4.0,4.0,6.0,34.3217,0.1,13,10418.367392
11.234500,19.8439,4.0,4.0,6.0,19.8439,0.1,13,10453.755156
22.837700,20.7631,4.0,4.0,6.0,20.7631,0.1,13,10482.484722
23.593100,36.0503,4.0,4.0,6.0,36.0503,0.1,13,10588.937723
12.157900,42.6391,4.0,4.0,6.0,42.6391,0.1,13,10412.845146
15.901900,46.0368,4.0,4.0,6.0,46.0368,0.1,13,10667.005364
19.305800,47.1536,4.0,4.0,6.0,24.6982,0.1,14,10671.071437
19.405700,49.3511,4.0,4.0,6.0,30.607,0.1,14,10607.819172
19.405700,49.3511,4.0,4.0,6.0,30.607,0.1,14,10709.061843
19.305800,49.3511,4.0,4.0,6.0,35.2515,0.1,14,10704.867428
15.901900,46.0368,4.0,4.0,6.0,46.0368,0.1,14,10330.873347
20.682700,35.8922,4.0,4.0,6.0,34.2713,0.1,14,10342.76319
10.801100,34.2713,4.0,4.0,6.0,8.5584,0.1,14,10921.80938
19.305800,42.8219,4.0,4.0,6.0,30.607,0.1,14,10662.645674
15.731300,42.1263,4.0,4.0,6.0,6.15206,0.1,14,10690.812538
22.837700,42.8219,4.0,4.0,6.0,30.607,0.1,14,10479.985417
19.305800,20.7631,4.0,4.0,6.0,20.7631,0.1,14,10193.366729
20.339400,49.1388,4.0,4.0,6.0,49.1388,0.1,14,10347.720693
14.033700,34.3217,4.0,4.0,6.0,34.3217,0.1,14,10765.454078
19.305800,37.4035,4.0,4.0,6.0,37.4035,0.1,14,10302.759614
14.775300,47.1536,4.0,4.0,6.0,24.6982,0.1,14,10605.810323
15.277900,37.2859,4.0,4.0,6.0,20.1495,0.1,14,10600.425639
23.965300,33.2608,4.0,4.0,6.0,27.0031,0.1,14,10978.818151
12.157900,48.0087,4.0,4.0,6.0,37.4035,0.1,14,10436.566191
22.795500,42.6391,4.0,4.0,6.0,42.6391,0.1,14,10494.413203
15.928700,28.0871,4.0,4.0,6.0,28.0871,0.1,14,10662.443025
23.733300,35.2515,4.0,4.0,6.0,30.607,0.1,14,10505.434995
19.305800,47.1536,4.0,4.0,6.0,47.1536,0.1,14,10740.177658
18.800300,48.0087,4.0,4.0,6.0,24.6982,0.1,14,10506.65695
19.305800,47.1536,4.0,4.0,6.0,24.6982,0.1,14,10496.298459
22.795500,48.0087,4.0,4.0,6.0,37.4035,0.1,14,10727.044433
19.305800,42.2204,4.0,4.0,6.0,42.2204,0.1,14,10506.688517
23.796800,42.8219,4.0,4.0,6.0,30.607,0.1,14,10667.177872
14.775300,37.4035,4.0,4.0,6.0,20.1495,0.1,14,10770.304359
23.965300,33.2608,4.0,4.0,6.0,11.8354,0.1,14,10612.984565
20.339400,49.1388,4.0,4.0,6.0,49.1388,0.1,14,10518.773918
15.928700,28.0871,4.0,4.0,6.0,28.0871,0.1,14,11234.417953
23.965300,25.5212,4.0,4.0,6.0,20.1495,0.1,14,10257.703603
21.712700,33.2608,4.0,4.0,6.0,25.4019,0.1,14,10326.764401
23.733300,35.2515,4.0,4.0,6.0,30.607,0.1,14,10934.606838
23.965300,33.2608,4.0,4.0,6.0,20.1495,0.1,14,10634.402795
17.551700,33.6328,4.0,4.0,6.0,20.1495,0.1,14,10589.685366
23.733300,35.2515,4.0,4.0,6.0,30.607,0.1,14,10499.83598
23.733300,42.8219,4.0,4.0,6.0,30.607,0.1,14,10653.890022
22.404500,35.2515,4.0,4.0,6.0,33.5363,0.1,14,10601.588146
24.823000,37.6761,4.0,4.0,6.0,37.6761,0.1,14,10472.617699
12.515800,42.7864,4.0,4.0,6.0,42.7864,0.1,14,10485.400568
10.295400,49.6551,4.0,4.0,6.0,49.6551,0.1,14,10600.243345
24.508900,41.7084,4.0,4.0,6.0,41.7084,0.1,14,10663.98043
12.099700,35.8825,4.0,4.0,6.0,35.8825,0.1,14,10547.44269
14.867600,48.0195,4.0,4.0,6.0,48.0195,0.1,14,10804.213852
17.506300,30.5458,4.0,4.0,6.0,30.5458,0.1,14,10981.92315
18.049300,49.2575,4.0,4.0,6.0,49.2575,0.1,14,10178.71402
17.570000,47.6993,4.0,4.0,6.0,47.6993,0.1,14,10525.674775
23.093200,29.7483,4.0,4.0,6.0,29.7483,0.1,14,10535.231224
18.522800,32.3858,4.0,4.0,6.0,32.3858,0.1,14,10629.040077
20.339400,49.1388,4.0,4.0,6.0,49.1388,0.1,15,10651.408422
15.731300,42.1263,4.0,4.0,6.0,6.15206,0.1,15,10503.214761
19.305800,49.3511,4.0,4.0,6.0,35.2515,0.1,15,10660.086779
19.305800,42.8219,4.0,4.0,6.0,30.607,0.1,15,10718.421011
19.305800,42.2204,4.0,4.0,6.0,42.2204,0.1,15,10599.289802
18.800300,35.2515,4.0,4.0,6.0,30.607,0.1,15,10578.445199
23.733300,48.0087,4.0,4.0,6.0,24.6982,0.1,15,10609.830799
19.305800,49.3511,4.0,4.0,6.0,24.6982,0.1,15,10508.542982
19.305800,47.1536,4.0,4.0,6.0,35.2515,0.1,15,10439.71202
23.965300,35.8825,4.0,4.0,6.0,35.8825,0.1,15,10423.454025
12.099700,25.5212,4.0,4.0,6.0,20.1495,0.1,15,10567.50812
23.965300,42.8219,4.0,4.0,6.0,30.607,0.1,15,10835.955872
19.305800,25.5212,4.0,4.0,6.0,20.1495,0.1,15,10613.117954
23.733300,42.8219,4.0,4.0,6.0,30.607,0.1,15,10622.764763
22.837700,35.2515,4.0,4.0,6.0,30.607,0.1,15,10691.281847
18.800300,37.4035,4.0,4.0,6.0,37.4035,0.1,15,10760.854685
19.305800,48.0087,4.0,4.0,6.0,24.6982,0.1,15,10714.467394
18.800300,35.2515,4.0,4.0,6.0,30.607,0.1,15,10899.367412
23.733300,48.0087,4.0,4.0,6.0,24.6982,0.1,15,10581.542098
17.506300,30.5458,4.0,4.0,6.0,30.5458,0.1,15,10060.101141
14.867600,48.0195,4.0,4.0,6.0,48.0195,0.1,15,10559.100281
19.305800,42.2204,4.0,4.0,6.0,33.5363,0.1,15,10826.718285
22.404500,35.2515,4.0,4.0,6.0,28.6111,0.1,15,10323.544753
14.775300,37.4035,4.0,4.0,6.0,30.607,0.1,15,10436.998114
23.733300,35.2515,4.0,4.0,6.0,20.1495,0.1,15,10583.449952
18.800300,48.0087,4.0,4.0,6.0,24.6982,0.1,15,10254.605642
17.506300,30.5458,4.0,4.0,6.0,30.5458,0.1,15,10711.291683
22.404500,34.3217,4.0,4.0,6.0,34.3217,0.1,15,10477.375914
14.033700,35.2515,4.0,4.0,6.0,33.5363,0.1,15,10585.360168
22.795500,48.0087,4.0,4.0,6.0,37.4035,0.1,15,10647.492729
24.508900,41.7084,4.0,4.0,6.0,41.7084,0.1,15,10572.419493
19.405700,33.2608,4.0,4.0,6.0,27.0031,0.1,15,10425.254225
23.965300,49.3511,4.0,4.0,6.0,30.607,0.1,15,10498.730072
19.305800,48.0087,4.0,4.0,6.0,24.6982,0.1,15,10333.377831
18.800300,49.3511,4.0,4.0,6.0,35.2515,0.1,15,10495.565149
23.965300,49.3511,4.0,4.0,6.0,30.607,0.1,15,10661.303943
19.405700,25.5212,4.0,4.0,6.0,20.1495,0.1,15,10822.263216
18.049300,49.2575,4.0,4.0,6.0,24.6982,0.1,15,10656.915484
18.800300,48.0087,4.0,4.0,6.0,31.8118,0.1,15,10906.546865
21.303100,39.7358,4.0,4.0,6.0,39.7358,0.1,15,10696.486371
23.166600,40.6712,4.0,4.0,6.0,40.6712,0.1,15,10499.39822
18.752300,34.3248,4.0,4.0,6.0,34.3248,0.1,15,10901.042378
18.839100,44.7103,4.0,4.0,6.0,44.7103,0.1,15,10652.220136
24.526900,48.4402,4.0,4.0,6.0,48.4402,0.1,15,10343.226465
13.339500,43.3897,4.0,4.0,6.0,43.3897,0.1,15,10369.598278
12.062500,49.598,4.0,4.0,6.0,49.598,0.1,15,10774.372145
14.661300,44.7381,4.0,4.0,6.0,44.7381,0.1,15,10408.806061
18.069600,39.2476,4.0,4.0,6.0,39.2476,0.1,15,10945.30619
20.647200,43.2543,4.0,4.0,6.0,43.2543,0.1,15,10698.642266
24.514400,44.6173,4.0,4.0,6.0,44.6173,0.1,15,10778.751141
19.305800,49.3511,4.0,4.0,6.0,35.2515,0.1,16,10694.223407
18.049300,49.2575,4.0,4.0,6.0,24.6982,0.1,16,10451.46296
23.733300,48.0087,4.0,4.0,6.0,24.6982,0.1,16,10305.527527
24.526900,48.4402,4.0,4.0,6.0,48.4402,0.1,16,10656.292719
23.733300,42.8219,4.0,4.0,6.0,30.607,0.1,16,10379.460185
23.965300,42.8219,4.0,4.0,6.0,35.2515,0.1,16,10693.91556
19.305800,49.3511,4.0,4.0,6.0,30.607,0.1,16,10364.927062
24.514400,42.2204,4.0,4.0,6.0,33.5363,0.1,16,10505.85428
19.305800,44.6173,4.0,4.0,6.0,44.6173,0.1,16,10422.019092
23.965300,49.3511,4.0,4.0,6.0,27.0031,0.1,16,10810.869996
19.405700,33.2608,4.0,4.0,6.0,30.607,0.1,16,10263.16815
18.839100,44.7103,4.0,4.0,6.0,44.7103,0.1,16,10605.747723
22.404500,34.3217,4.0,4.0,6.0,34.3217,0.1,16,10668.785169
19.305800,42.2204,4.0,4.0,6.0,33.5363,0.1,16,10515.729247
18.800300,35.2515,4.0,4.0,6.0,30.607,0.1,16,10692.411551
12.062500,49.598,4.0,4.0,6.0,49.598,0.1,16,10663.181606
22.404500,35.2515,4.0,4.0,6.0,28.6111,0.1,16,10610.657269
23.965300,44.6173,4.0,4.0,6.0,30.607,0.1,16,10796.477956
24.514400,49.3511,4.0,4.0,6.0,44.6173,0.1,16,10413.173991
18.800300,35.2515,4.0,4.0,6.0,30.607,0.1,16,10970.079168
22.837700,35.2515,4.0,4.0,6.0,30.607,0.1,16,11009.793989
19.305800,34.3217,4.0,4.0,6.0,24.6982,0.1,16,10479.751381
22.404500,48.0087,4.0,4.0,6.0,34.3217,0.1,16,10932.636463
23.733300,48.0087,4.0,4.0,6.0,37.4035,0.1,16,10712.697689
22.795500,48.0087,4.0,4.0,6.0,24.6982,0.1,16,10655.488581
22.404500,34.3217,4.0,4.0,6.0,34.3217,0.1,16,10630.24839
23.166600,40.6712,4.0,4.0,6.0,40.6712,0.1,16,10212.166295
18.800300,25.5212,4.0,4.0,6.0,20.1495,0.1,16,10712.512881
19.305800,35.2515,4.0,4.0,6.0,30.607,0.1,16,10596.760897
23.733300,49.2575,4.0,4.0,6.0,24.6982,0.1,16,10624.803497
18.049300,48.0087,4.0,4.0,6.0,24.6982,0.1,16,10172.927603
23.733300,37.4035,4.0,4.0,6.0,24.6982,0.1,16,10688.77213
18.800300,48.0087,4.0,4.0,6.0,37.4035,0.1,16,10658.002922
17.506300,44.6173,4.0,4.0,6.0,30.5458,0.1,16,10898.580265
24.514400,30.5458,4.0,4.0,6.0,15.1509,0.1,16,10705.267871
19.305800,49.2575,4.0,4.0,6.0,20.1495,0.1,16,10590.798084
18.049300,25.5212,4.0,4.0,6.0,24.6982,0.1,16,10558.632002
18.839100,39.7358,4.0,4.0,6.0,39.7358,0.1,16,10694.663581
21.303100,44.7103,4.0,4.0,6.0,44.7103,0.1,16,10640.204746
13.515200,35.6534,4.0,4.0,6.0,35.6534,0.1,16,10685.180917
15.665400,43.4753,4.0,4.0,6.0,43.4753,0.1,16,10668.758187
12.673700,41.7352,4.0,4.0,6.0,41.7352,0.1,16,10501.271049
17.000400,36.6953,4.0,4.0,6.0,36.6953,0.1,16,10636.681888
13.427900,42.3655,4.0,4.0,6.0,42.3655,0.1,16,10822.293374
16.117000,46.1915,4.0,4.0,6.0,46.1915,0.1,16,10673.72493
20.255300,40.5141,4.0,4.0,6.0,40.5141,0.1,16,10541.872931
22.228800,49.1118,4.0,4.0,6.0,49.1118,0.1,16,10624.966787
22.429400,38.5954,4.0,4.0,6.0,38.5954,0.1,16,10772.721561
18.823800,39.7408,4.0,4.0,6.0,39.7408,0.1,16,10263.112004
23.138200,48.7187,4.0,4.0,6.0,48.7187,0.1,16,10433.204334
23.733300,48.0087,4.0,4.0,6.0,37.4035,0.1,17,10893.599572
19.305800,49.3511,4.0,4.0,6.0,30.607,0.1,17,10612.490818
22.404500,35.2515,4.0,4.0,6.0,28.6111,0.1,17,10592.341262
23.733300,48.0087,4.0,4.0,6.0,24.6982,0.1,17,10866.215713
23.733300,48.0087,4.0,4.0,6.0,24.6982,0.1,17,10855.05659
22.429400,38.5954,4.0,4.0,6.0,38.5954,0.1,17,10467.979703
18.800300,25.5212,4.0,4.0,6.0,20.1495,0.1,17,10599.983816
12.062500,49.598,4.0,4.0,6.0,49.598,0.1,17,10514.593916
12.673700,41.7352,4.0,4.0,6.0,41.7352,0.1,17,10554.656949
24.514400,49.2575,4.0,4.0,6.0,44.6173,0.1,17,10793.675661
19.305800,49.3511,4.0,4.0,6.0,20.1495,0.1,17,10762.829891
19.305800,43.4753,4.0,4.0,6.0,43.4753,0.1,17,10236.239476
15.665400,35.2515,4.0,4.0,6.0,30.607,0.1,17,10822.319043
19.305800,49.2575,4.0,4.0,6.0,30.5458,0.1,17,10619.200901
17.506300,44.6173,4.0,4.0,6.0,20.1495,0.1,17,10480.369382
20.255300,46.1915,4.0,4.0,6.0,40.5141,0.1,17,10291.021739
16.117000,47.6247,4.0,4.0,6.0,46.1915,0.1,17,10650.672334
15.665400,43.4753,4.0,4.0,6.0,43.4753,0.1,17,10699.621929
24.514400,49.3511,4.0,4.0,6.0,44.6173,0.1,17,10836.16656
23.166600,40.6712,4.0,4.0,6.0,40.6712,0.1,17,10594.689909
18.049300,49.2575,4.0,4.0,6.0,24.6982,0.1,17,10493.786785
18.049300,49.2575,4.0,4.0,6.0,24.6982,0.1,17,10913.333032
19.305800,35.2515,4.0,4.0,6.0,30.607,0.1,17,10655.164694
22.228800,49.1118,4.0,4.0,6.0,49.1118,0.1,17,10504.589818
20.255300,40.5141,4.0,4.0,6.0,40.5141,0.1,17,10552.117399
19.305800,49.3511,4.0,4.0,6.0,24.6982,0.1,17,10585.634638
19.305800,34.3217,4.0,4.0,6.0,30.607,0.1,17,10507.351544
18.049300,49.3511,4.0,4.0,6.0,24.6982,0.1,17,10620.986397
19.305800,46.6029,4.0,4.0,6.0,30.607,0.1,17,10369.503633
22.228800,49.1118,4.0,4.0,6.0,30.607,0.1,17,10897.168008
19.305800,35.2515,4.0,4.0,6.0,28.3262,0.1,17,10776.369776
13.427900,42.3655,4.0,4.0,6.0,42.3655,0.1,17,10603.98143
19.305800,35.2515,4.0,4.0,6.0,30.607,0.1,17,10838.301082
23.733300,49.3511,4.0,4.0,6.0,37.4035,0.1,17,10605.723008
23.965300,48.0087,4.0,4.0,6.0,27.0031,0.1,17,10604.460054
24.514400,49.3511,4.0,4.0,6.0,24.6982,0.1,17,10468.005464
22.795500,48.0087,4.0,4.0,6.0,44.6173,0.1,17,10365.237053
18.800300,42.3655,4.0,4.0,6.0,37.4035,0.1,17,10525.711947
13.427900,48.0087,4.0,4.0,6.0,42.3655,0.1,17,10560.114587
19.356200,21.4209,4.0,4.0,6.0,21.4209,0.1,17,10467.66556
20.310800,44.302,4.0,4.0,6.0,44.302,0.1,17,10795.673531
18.950600,44.559,4.0,4.0,6.0,44.559,0.1,17,10843.976589
24.590100,38.6053,4.0,4.0,6.0,38.6053,0.1,17,10827.769892
23.895800,41.6464,4.0,4.0,6.0,41.6464,0.1,17,10570.725236
14.080100,34.2444,4.0,4.0,6.0,34.2444,0.1,17,10538.055679
17.303200,49.1523,4.0,4.0,6.0,49.1523,0.1,17,10731.942198
11.999600,28.3125,4.0,4.0,6.0,28.3125,0.1,17,10609.570191
22.289500,48.8237,4.0,4.0,6.0,48.8237,0.1,17,10681.256896
23.001700,46.9104,4.0,4.0,6.0,46.9104,0.1,17,10588.187265
22.765000,40.6185,4.0,4.0,6.0,40.6185,0.1,17,10666.601466
18.950600,44.559,4.0,4.0,6.0,44.559,0.1,18,10428.717316
23.733300,48.0087,4.0,4.0,6.0,24.6982,0.1,18,10228.720447
24.514400,49.3511,4.0,4.0,6.0,24.6982,0.1,18,10629.699766
17.506300,44.6173,4.0,4.0,6.0,38.6053,0.1,18,10416.383091
24.590100,38.6053,4.0,4.0,6.0,20.1495,0.1,18,10636.277109
18.049300,49.2575,4.0,4.0,6.0,30.607,0.1,18,10649.92483
19.305800,35.2515,4.0,4.0,6.0,24.6982,0.1,18,10729.688161
12.673700,41.7352,4.0,4.0,6.0,41.7352,0.1,18,10172.571623
19.305800,49.3511,4.0,4.0,6.0,20.1495,0.1,18,10802.754821
17.506300,44.6173,4.0,4.0,6.0,30.607,0.1,18,10234.957643
19.305800,49.3511,4.0,4.0,6.0,20.1495,0.1,18,10721.703898
19.305800,35.2515,4.0,4.0,6.0,30.607,0.1,18,10993.333133
23.733300,49.3511,4.0,4.0,6.0,37.4035,0.1,18,10772.634894
17.506300,44.6173,4.0,4.0,6.0,20.1495,0.1,18,10659.390769
19.305800,35.2515,4.0,4.0,6.0,30.607,0.1,18,10690.543815
19.305800,44.559,4.0,4.0,6.0,44.559,0.1,18,10674.066678
18.950600,49.3511,4.0,4.0,6.0,20.1495,0.1,18,10503.004077
19.305800,46.9104,4.0,4.0,6.0,46.9104,0.1,18,10964.968191
23.001700,49.3511,4.0,4.0,6.0,30.607,0.1,18,11000.623594
23.166600,40.6712,4.0,4.0,6.0,40.6712,0.1,18,10491.571134
23.166600,40.6712,4.0,4.0,6.0,40.6712,0.1,18,10392.165614
22.404500,43.4753,4.0,4.0,6.0,28.6111,0.1,18,10517.382224
19.305800,35.2515,4.0,4.0,6.0,30.0236,0.1,18,10459.181222
23.895800,41.6464,4.0,4.0,6.0,41.6464,0.1,18,10248.358474
22.429400,38.5954,4.0,4.0,6.0,38.5954,0.1,18,10665.298482
23.895800,49.3511,4.0,4.0,6.0,41.6464,0.1,18,10698.083839
19.305800,41.6464,4.0,4.0,6.0,24.6982,0.1,18,10447.987478
22.228800,49.1118,4.0,4.0,6.0,49.1118,0.1,18,10198.39527
23.166600,40.6712,4.0,4.0,6.0,40.6712,0.1,18,10610.718033
23.166600,40.6712,4.0,4.0,6.0,27.0031,0.1,18,10485.832735
23.965300,48.0087,4.0,4.0,6.0,40.6712,0.1,18,10444.083203
19.305800,35.2515,4.0,4.0,6.0,30.607,0.1,18,10807.180759
23.166600,40.6712,4.0,4.0,6.0,40.6712,0.1,18,10650.495495
13.427900,42.3655,4.0,4.0,6.0,30.607,0.1,18,10589.620035
19.305800,49.3511,4.0,4.0,6.0,42.3655,0.1,18,10450.806232
23.166600,40.6712,4.0,4.0,6.0,40.6712,0.1,18,10840.183939
22.429400,38.5954,4.0,4.0,6.0,38.5954,0.1,18,10690.258541
22.429400,38.6053,4.0,4.0,6.0,38.5954,0.1,18,10528.310895
24.590100,38.5954,4.0,4.0,6.0,23.1961,0.1,18,10911.689163
20.440500,20.5318,4.0,4.0,6.0,20.5318,0.1,18,10819.404875
13.199600,12.7508,4.0,4.0,6.0,12.7508,0.1,18,10880.504236
12.092700,43.9425,4.0,4.0,6.0,43.9425,0.1,18,10749.012881
12.446900,35.315,4.0,4.0,6.0,35.315,0.1,18,10496.439395
21.301400,44.6396,4.0,4.0,6.0,44.6396,0.1,18,10498.808948
19.569000,41.5412,4.0,4.0,6.0,41.5412,0.1,18,10672.912619
14.114000,33.8445,4.0,4.0,6.0,33.8445,0.1,18,10837.992316
21.506600,38.5073,4.0,4.0,6.0,38.5073,0.1,18,10531.447725
22.000000,35.7504,4.0,4.0,6.0,35.7504,0.1,18,10856.461782
10.457600,40.0293,4.0,4.0,6.0,40.0293,0.1,18,10860.184961
22.338800,20.4238,4.0,4.0,6.0,20.4238,0.1,18,10518.930047
19.305800,35.2515,4.0,4.0,6.0,24.6982,0.1,19,10691.302199
23.166600,40.6712,4.0,4.0,6.0,40.6712,0.1,19,10719.441379
23.166600,40.6712,4.0,4.0,6.0,40.6712,0.1,19,10935.431235
19.305800,35.2515,4.0,4.0,6.0,30.607,0.1,19,10893.531362
23.166600,40.6712,4.0,4.0,6.0,27.0031,0.1,19,10474.821438
23.166600,44.559,4.0,4.0,6.0,44.559,0.1,19,10362.544847
19.305800,40.6712,4.0,4.0,6.0,40.6712,0.1,19,10465.851663
17.506300,44.6173,4.0,4.0,6.0,30.607,0.1,19,10375.155381
23.733300,48.0087,4.0,4.0,6.0,24.6982,0.1,19,10319.247502
22.429400,38.6053,4.0,4.0,6.0,23.1961,0.1,19,10621.567458
24.590100,38.5954,4.0,4.0,6.0,38.5954,0.1,19,10538.899185
12.092700,43.9425,4.0,4.0,6.0,43.9425,0.1,19,10858.655237
17.506300,44.6173,4.0,4.0,6.0,20.1495,0.1,19,10722.554233
13.199600,40.0293,4.0,4.0,6.0,40.0293,0.1,19,10358.910075
10.457600,12.7508,4.0,4.0,6.0,12.7508,0.1,19,10460.198203
19.305800,49.3511,4.0,4.0,6.0,20.1495,0.1,19,10877.09052
18.950600,49.3511,4.0,4.0,6.0,20.1495,0.1,19,10647.952593
19.305800,49.3511,4.0,4.0,6.0,38.5954,0.1,19,10853.743554
22.429400,38.5954,4.0,4.0,6.0,32.0072,0.1,19,10606.006183
19.569000,35.2515,4.0,4.0,6.0,30.607,0.1,19,10560.810117
19.305800,41.5412,4.0,4.0,6.0,41.5412,0.1,19,10625.269824
22.338800,20.4238,4.0,4.0,6.0,20.4238,0.1,19,10470.07494
12.673700,41.7352,4.0,4.0,6.0,41.7352,0.1,19,10607.074728
22.338800,20.4238,4.0,4.0,6.0,20.4238,0.1,19,10427.557628
14.114000,33.8445,4.0,4.0,6.0,33.8445,0.1,19,10698.04145
10.457600,38.5073,4.0,4.0,6.0,38.5073,0.1,19,10350.27157
21.506600,40.0293,4.0,4.0,6.0,40.0293,0.1,19,10665.398354
20.440500,41.5412,4.0,4.0,6.0,41.5412,0.1,19,10530.563509
19.569000,20.5318,4.0,4.0,6.0,20.5318,0.1,19,10688.817905
19.305800,41.6464,4.0,4.0,6.0,24.6982,0.1,19,10522.309397
19.305800,49.3511,4.0,4.0,6.0,42.3655,0.1,19,10658.189107
23.166600,40.6712,4.0,4.0,6.0,23.1961,0.1,19,10669.497775
24.590100,38.5954,4.0,4.0,6.0,21.7207,0.1,19,10718.95812
18.049300,38.6053,4.0,4.0,6.0,30.607,0.1,19,10510.031478
22.429400,49.2575,4.0,4.0,6.0,38.5954,0.1,19,10811.846157
20.440500,20.5318,4.0,4.0,6.0,20.5318,0.1,19,10413.805576
22.338800,20.4238,4.0,4.0,6.0,20.4238,0.1,19,10871.446751
10.457600,40.0293,4.0,4.0,6.0,40.0293,0.1,19,10878.151868
23.895800,49.3511,4.0,4.0,6.0,41.6464,0.1,19,10223.712708
15.254400,26.4572,4.0,4.0,6.0,26.4572,0.1,19,10450.854868
21.090200,15.9782,4.0,4.0,6.0,15.9782,0.1,19,10847.570893
17.678500,30.2591,4.0,4.0,6.0,30.2591,0.1,19,10878.049067
10.167400,31.9838,4.0,4.0,6.0,31.9838,0.1,19,10515.060927
12.283800,45.3481,4.0,4.0,6.0,45.3481,0.1,19,10589.408608
17.966000,37.2956,4.0,4.0,6.0,37.2956,0.1,19,10695.026524
23.764600,40.0046,4.0,4.0,6.0,40.0046,0.1,19,10681.189088
10.186200,34.0275,4.0,4.0,6.0,34.0275,0.1,19,10349.588797
10.276600,47.2178,4.0,4.0,6.0,47.2178,0.1,19,10905.110465
13.737400,36.9598,4.0,4.0,6.0,36.9598,0.1,19,10564.812154
20.439300,43.9957,4.0,4.0,6.0,43.9957,0.1,19,10559.262117
10.457600,40.0293,4.0,4.0,6.0,40.0293,0.1,20,10929.668536
18.049300,38.6053,4.0,4.0,6.0,30.607,0.1,20,10524.102305
17.506300,44.6173,4.0,4.0,6.0,20.1495,0.1,20,10284.638334
13.199600,44.559,4.0,4.0,6.0,40.0293,0.1,20,10814.306149
23.166600,40.0293,4.0,4.0,6.0,10.6235,0.1,20,11009.450824
10.457600,38.5073,4.0,4.0,6.0,38.5073,0.1,20,10851.691275
15.254400,26.4572,4.0,4.0,6.0,26.4572,0.1,20,10553.782662
23.166600,40.6712,4.0,4.0,6.0,38.5954,0.1,20,10918.23648
19.305800,49.3511,4.0,4.0,6.0,23.1961,0.1,20,10783.621946
23.166600,40.6712,4.0,4.0,6.0,40.6712,0.1,20,10534.938284
19.305800,49.3511,4.0,4.0,6.0,38.5954,0.1,20,10636.209072
19.305800,41.6464,4.0,4.0,6.0,41.5412,0.1,20,10604.261105
19.305800,41.5412,4.0,4.0,6.0,24.6982,0.1,20,10746.402682
23.895800,49.3511,4.0,4.0,6.0,30.607,0.1,20,10390.933595
19.305800,49.4124,4.0,4.0,6.0,41.6464,0.1,20,10846.299989
17.506300,44.6173,4.0,4.0,6.0,30.2591,0.1,20,10845.131511
17.678500,30.2591,4.0,4.0,6.0,20.1495,0.1,20,10485.423986
13.737400,43.9957,4.0,4.0,6.0,36.9598,0.1,20,10465.129656
20.439300,48.1071,4.0,4.0,6.0,43.9957,0.1,20,10467.732414
13.737400,36.9598,4.0,4.0,6.0,36.9598,0.1,20,10916.343312
17.678500,30.2591,4.0,4.0,6.0,30.2591,0.1,20,10915.870392
10.186200,40.6712,4.0,4.0,6.0,23.1961,0.1,20,10536.804589
23.166600,34.0275,4.0,4.0,6.0,34.0275,0.1,20,10821.595459
10.186200,40.0293,4.0,4.0,6.0,34.0275,0.1,20,10638.09677
10.457600,34.0275,4.0,4.0,6.0,19.0133,0.1,20,10361.107022
18.049300,38.6053,4.0,4.0,6.0,30.607,0.1,20,10309.018169
10.186200,34.0275,4.0,4.0,6.0,34.0275,0.1,20,10821.955612
10.457600,38.5073,4.0,4.0,6.0,38.5073,0.1,20,10888.002326
22.338800,20.4238,4.0,4.0,6.0,20.4238,0.1,20,10874.786474
23.166600,40.6712,4.0,4.0,6.0,36.9598,0.1,20,10557.496039
13.737400,36.9598,4.0,4.0,6.0,15.6249,0.1,20,10657.821828
20.440500,41.5412,4.0,4.0,6.0,30.607,0.1,20,10801.914641
19.305800,35.2515,4.0,4.0,6.0,13.8576,0.1,20,10623.305154
18.950600,35.2515,4.0,4.0,6.0,20.1495,0.1,20,10463.766525
19.305800,49.3511,4.0,4.0,6.0,30.607,0.1,20,10546.932322
13.737400,36.9598,4.0,4.0,6.0,36.9598,0.1,20,10651.695399
17.678500,30.2591,4.0,4.0,6.0,30.2591,0.1,20,10186.016732
10.186200,20.5318,4.0,4.0,6.0,20.5318,0.1,20,10599.477813
20.440500,34.0275,4.0,4.0,6.0,34.0275,0.1,20,11151.885825
20.143000,46.0932,4.0,4.0,6.0,46.0932,0.1,20,10754.115123
16.655100,42.1482,4.0,4.0,6.0,42.1482,0.1,20,10632.751757
24.966500,26.633,4.0,4.0,6.0,26.633,0.1,20,10928.183754
15.949700,27.1536,4.0,4.0,6.0,27.1536,0.1,20,10594.808074
22.522200,40.5449,4.0,4.0,6.0,40.5449,0.1,20,10964.409474
12.166000,45.0216,4.0,4.0,6.0,45.0216,0.1,20,10512.519862
19.608100,32.3113,4.0,4.0,6.0,32.3113,0.1,20,10730.268908
17.654500,34.5093,4.0,4.0,6.0,34.5093,0.1,20,10686.866576
17.662000,49.5171,4.0,4.0,6.0,49.5171,0.1,20,10762.69734
19.157500,39.0107,4.0,4.0,6.0,39.0107,0.1,20,10878.153047
10.119400,40.9757,4.0,4.0,6.0,40.9757,0.1,20,11083.267898
